Variable ID,Variable Name,Units,Symbol,LaTex Units,Programmatic,SH Category,CF Name (http://cfconventions.org/Data/cf-standard-names/current/build/cf-standard-name-table.html),CF Units,CF Conversion,Category,Descriptiion
var00001,E coli,cfu/100mL,C_{ecoli},cfu/100mL,e_coli,,N/A,,,Water Quality (Contaminants),
var00002,Enterococci,cfu/100mL,C_{entercocci},cfu/100mL,enterococci,,N/A,,,Water Quality (Contaminants),
var00003,TN:TP,mg N / mg P,TN:TP,mg N / mg P,tn_tp_ratio,,N/A,,,Water Quality (Nutrient),
var00004,Organic Nitrogen,mg/L,ON,mg/L,organic_nitrogen,,N/A,,,Water Quality (Nutrient),
var00005,Organic Phosphorus,mg/L,OP,mg/L,organic_phosphorus,,N/A,,,Water Quality (Nutrient),
var00006,Salinity,psu,S,psu,salinity,WTR_SALINITY,sea_water_salinity,g kg-1,1,Water Quality (PhysChm),
var00007,Temperature,C,T,^{\circ}C,temperature,WTR_TEMP,sea_water_temperature,K,-273.15,Water Quality (PhysChm),
var00008,Depth,m,D,m,depth,WTR_DEPTH,N/A,,,Hydrodynamics,
var00009,Total Nitrogen,mg/L,TN,mg/L,total_nitrogen,NUT_NITROGEN_TOTAL,N/A,,,Water Quality (Nutrient),
var00010,Total Phosphorus,mg/L,TP,mg/L,total_phosphorus,NUT_PHOSPHORUS_TOTAL,N/A,,,Water Quality (Nutrient),
var00011,Total Organic Carbon,mg/L,TOC,mg/L,total_organic_carbon,,N/A,,,Water Quality (Nutrient),
var00012,Total Suspended Solids,mg/L,TSS,mg/L,total_suspended_solids,NUT_SEDIMENT_SUSPENDED,N/A,,,Water Quality (Nutrient),
var00013,Turbidity,NTU,C_T,NTU,turbidity,,sea_water_turbidity,NTU,1,Water Quality (Light),
var00014,Chlorophyll-a,µg/l,Chl-a,\mug/L,tchl_a,BIO_CHLOROPHYLL_TOTAL,N/A,,,Water Quality (Nutrient),
var00016,Suspended Solids #1,mg/L,SS_1,mg/L,suspended_solids_1,,N/A,,,Water Quality (Nutrient),
var00017,Sediment Mass #1,g/m^2,SS_1_{SED},g/m^2,sediment_mass_1,,N/A,,,Sediment,
var00018,Suspended Solids #2,mg/L,SS_2,mg/L,suspended_solids_2,,N/A,,,Water Quality (Nutrient),
var00019,Sediment Mass #2,g/m^2,SS_2_{SED},g/m^2,sediment_mass_2,,N/A,,,Sediment,
var00020,Suspended Solids #3,mg/L,SS_3,mg/L,suspended_solids_3,,N/A,,,Water Quality (Nutrient),
var00021,Sediment Mass #3,g/m^2,SS_3_{SED},g/m^2,sediment_mass_3,,N/A,,,Sediment,
var00022,Water Age,days,\tau_{age},days,water_age,,N/A,,,Hydrodynamics,
var00023,Dissolved Oxygen,mg/L,O_2,mg/L,oxygen,,N/A,,,Water Quality (PhysChm),
var00024,Reactive Silica,mg/L,RSi,mg/L,reactive_silica,,N/A,,,Water Quality (Nutrient),
var00025,Ammonium,mg/L,NH_4,mg/L,ammonium,NUT_AMMONIA,N/A,,,Water Quality (Nutrient),
var00026,Nitrate,mg/L,NO_3,mg/L,nitrate,NUT_NITRATE,N/A,,,Water Quality (Nutrient),
var00027,Filterable Reactive Phosphate,mg/L,FRP,mg/L,filterable_reactive_phosphate,NUT_PHOSPHATE,N/A,,,Water Quality (Nutrient),
var00028,Adsorped Phosphate,mg/L,FRP_{ads},mg/L,adsorped_phosphate,,N/A,,,Water Quality (Nutrient),
var00029,Dissolved Organic Carbon,mg/L,DOC,mg/L,dissolved_organic_carbon,,N/A,,,Water Quality (Nutrient),
var00030,Dissolved Organic Carbon (refractory),mg/L,DOC_R,mg/L,dissolved_organic_carbon_refractory,,N/A,,,Water Quality (Nutrient),
var00031,Particulate Organic Carbon,mg/L,POC,mg/L,particulate_organic_carbon,,N/A,,,Water Quality (Nutrient),
var00032,Dissolved Organic Nitrogen,mg/L,DON,mg/L,dissolved_organic_nitrogen,NUT_NITROGEN_DISOLVED_ORGANIC,N/A,,,Water Quality (Nutrient),
var00033,Particulate Organic Nitrogen,mg/L,PON,mg/L,particulate_organic_nitrogen,NUT_NITROGEN_PARTICULATE_ORGANIC,N/A,,,Water Quality (Nutrient),
var00034,Dissolved Organic Nitrogen (refractory),mg/L,DON_R,mg/L,dissolved_organic_nitrogen_refractory,,N/A,,,Water Quality (Nutrient),
var00035,Dissolved Organic Phosphorus,mg/L,DOP,mg/L,dissolved_organic_phosphorus,NUT_PHOSPHORUS_DISOLVED_ORGANIC,N/A,,,Water Quality (Nutrient),
var00036,Particulate Organic Phosphorus,mg/L,POP,mg/L,particulate_organic_phosphorus,NUT_PHOSPHORUS_PARTICULATE_ORGANIC,N/A,,,Water Quality (Nutrient),
var00037,Dissolved Organic Phosphorus (refractory),mg/L,DOP_R,mg/L,dissolved_organic_phosphorus_refractory,,N/A,,,Water Quality (Nutrient),
var00038,Phytoplankton Biomass (greens),mmol C/m^3,PHY_{grn},mmol C/m^3,phytoplankton_biomass_greens,BIO_BLUE_GREEN_ALGAE,N/A,,,Ecology (Planktonic),
var00039,Phytoplankton Biomass (crypt),mmol C/m^3,PHY_{crypt},mmol C/m^3,phytoplankton_biomass_crypt,,N/A,,,Ecology (Planktonic),
var00040,Phytoplankton Biomass (diatom),mmol C/m^3,PHY_{diatom},mmol C/m^3,phytoplankton_biomass_diatom,,N/A,,,Ecology (Planktonic),
var00041,Phytoplankton Biomass (dino),mmol C/m^3,PHY_{dino},mmol C/m^3,phytoplankton_biomass_dino,,N/A,,,Ecology (Planktonic),
var00042,Filamentous Algae (floating),mmol C/m^3,M_{ulva\:(float)},mmol C/m^3,filamentous_algae_floating,,N/A,,,Ecology (Benthic),
var00043,Filamentous Algae Nitrogen (floating),mmol N/m^3,MIN_{ulva\:(float)},mmol N/m^3,filamentous_algae_nitrogen_floating,,N/A,,,Ecology (Benthic),
var00044,Filamentous Algae Phosphorus (floating),mmol P/m^3,MIP_{ulva\:(float)},mmol P/m^3,filamentous_algae_phosphorus_floating,,N/A,,,Ecology (Benthic),
var00045,Filamentous Algae Biomass (total),g DW/m^2,M_{ulva},g DW/m^2,filamentous_algae_biomass_total,,N/A,,,Ecology (Benthic),
var00046,Filamentous Algae Biomass (total),g DW/m^2,M_{ulva},g DW/m^2,filamentous_algae_biomass_total,,N/A,,,Ecology (Benthic),
var00047,Filamentous Algae Biomass (total),g DW/m^2,M_{ulva},g DW/m^2,filamentous_algae_biomass_total,,N/A,,,Ecology (Benthic),
var00048,O2 Dissolved Sediment Flux,mmol O_2/m^2,F_{sed}^{oxy},mmol O_2/m^2,o2_dissolved_sediment_flux,,N/A,,,Water Quality (Nutrient),
var00049,DIC Dissolved Sediment Flux,mmol C/m^2,,mmol C/m^2,dic_dissolved_sediment_flux,,N/A,,,Water Quality (Nutrient),
var00050,NH4 Dissolved Sediment Flux,mmol N/m^2,,mmol N/m^2,nh4_dissolved_sediment_flux,,N/A,,,Water Quality (Nutrient),
var00051,NO3 Dissolved Sediment Flux,mmol N/m^2,,mmol N/m^2,no3_dissolved_sediment_flux,,N/A,,,Water Quality (Nutrient),
var00052,FRP Dissolved Sediment Flux,mmol P/m^2,,mmol P/m^2,frp_dissolved_sediment_flux,,N/A,,,Water Quality (Nutrient),
var00053,POC Dissolved Sediment Flux,mmol C/m^2,,mmol C/m^2,poc_dissolved_sediment_flux,,N/A,,,Water Quality (Nutrient),
var00054,DOC Dissolved Sediment Flux,mmol C/m^2,F_{dsf}^{doc},mmol C/m^2,doc_dissolved_sediment_flux,,N/A,,,Water Quality (Nutrient),
var00055,PON Dissolved Sediment Flux,mmol N/m^2,,mmol N/m^2,pon_dissolved_sediment_flux,,N/A,,,Water Quality (Nutrient),
var00056,DON Dissolved Sediment Flux,mmol N/m^2,,mmol N/m^2,don_dissolved_sediment_flux,,N/A,,,Water Quality (Nutrient),
var00057,POP Dissolved Sediment Flux,mmol P/m^2,,mmol P/m^2,pop_dissolved_sediment_flux,,N/A,,,Water Quality (Nutrient),
var00058,DOP Dissolved Sediment Flux,mmol P/m^2,,mmol P/m^2,dop_dissolved_sediment_flux,,N/A,,,Water Quality (Nutrient),
var00059,Photosynthetically Active Radiation,W/m^2,I_{PAR},W/m^2,photosynthetically_active_radiation,WTR_PAR,downwelling_photosynthetic_radiative_flux_in_sea_water,W m-2,1,Light,Downwelling radiative flux of the photosynthetically active waveband (400-700nm)
var00060,Ruppia Gross Primary Productivity,mmol C/m^3/d,,mmol C/m^3/d,ruppia_gross_primary_productivity,,N/A,,,Ecology (Benthic),
var00061,Ruppia Net Primary Productivity,mmol C/m^3/d,,mmol C/m^3/d,ruppia_net_primary_productivity,,N/A,,,Ecology (Benthic),
var00062,Ruppia Biomass,mmol C/m^2,,mmol C/m^2,ruppia_biomass,,N/A,,,Ecology (Benthic),
var00063,Ruppia Leaf Area Index,m^2/m^2,,m^2/m^2,ruppia_leaf_area_index,,N/A,,,Ecology (Benthic),
var00064,Ruppia Biomass (above-ground),mmol C/m^2,,mmol C/m^2,ruppia_biomass_ag,,N/A,,,Ecology (Benthic),
var00065,Ruppia Biomass (below-ground),mmol C/m^2,,mmol C/m^2,ruppia_biomass_bg,,N/A,,,Ecology (Benthic),
var00066,Ruppia Root Depth,m,,m,ruppia_root_depth,,N/A,,,Ecology (Benthic),
var00067,Ruppia O2 Injection Rate,mmol O_2/m^2,,mmol O_2/m^2,ruppia_o2_injection_rate,,N/A,,,Ecology (Benthic),
var00068,SS1 Sedimentation Velocity,m/d,,m/d,ss1_sedimentation_velocity,,N/A,,,Sediment,
var00069,SS1 Sedimentation Rate,g/m^3/d,,g/m^3/d,ss1_sedimentation_rate,,N/A,,,Sediment,
var00070,SS2 Sedimentation Velocity,m/d,,m/d,ss2_sedimentation_velocity,,N/A,,,Sediment,
var00071,SS2 Sedimentation Rate,g/m^3/d,,g/m^3/d,ss2_sedimentation_rate,,N/A,,,Sediment,
var00072,SS3 Sedimentation Velocity,m/d,,m/d,ss3_sedimentation_velocity,,N/A,,,Sediment,
var00073,SS3 Sedimentation Rate,g/m^3/d,,g/m^3/d,ss3_sedimentation_rate,,N/A,,,Sediment,
var00074,Sediment Mass,g/m^2,,g/m^2,sediment_mass,,N/A,,,Sediment,
var00075,Critical Shear Stress,N/m^2,,N/m^2,critical_shear_stress,,N/A,,,Sediment,
var00076,Resuspension Rate,g/m^2/d,,g/m^2/d,resuspension_rate,,N/A,,,Sediment,
var00077,SS1 Sediment Fraction,v/v,,v/v,ss1_sediment_fraction,,N/A,,,Sediment,
var00078,SS2 Sediment Fraction,v/v,,v/v,ss2_sediment_fraction,,N/A,,,Sediment,
var00079,SS3 Sediment Fraction,v/v,,v/v,ss3_sediment_fraction,,N/A,,,Sediment,
var00080,SS Sedimentation Rate,g/m^3/d,,g/m^3/d,ss_sedimentation_rate,,N/A,,,Sediment,
var00081,SS Net SWI Flux,g/m^2/d,,g/m^2/d,ss_net_swi_flux,,N/A,,,Sediment,
var00082,Change in SWI Position,m,,m,change_in_swi_position,,N/A,,,Sediment,
var00083,SS Resuspension Rate,g/m^2/d,,g/m^2/d,ss_resuspension_rate,,N/A,,,Sediment,
var00084,Bottom Shear Stress,N/m^2,,N/m^2,bottom_shear_stress,,N/A,,,Hydrodynamics,
var00085,O2 Saturation,%,,%,o2_saturation,,N/A,,,Water Quality (PhysChm),
var00087,O2 Atmospheric Flux,mmol O_2/m^2,,mmol O_2/m^2,o2_atmospheric_flux,,N/A,,,Water Quality (PhysChm),
var00088,O2 Dissolved Sediment Exchange Rate,mmol O_2/m^3,,mmol O_2/m^3,o2_dissolved_sediment_exchange_rate,,N/A,,,Water Quality (PhysChm),
var00089,O2 Atmospheric Exchange Rate,mmol O_2/m^3,,mmol O_2/m^3,o2_atmospheric_exchange_rate,,N/A,,,Water Quality (PhysChm),
var00090,Si Dissolved Sediment Flux,mmol Si/m^2,,mmol Si/m^2,si_dissolved_sediment_flux,,N/A,,,Water Quality (Nutrient),
var00093,Nitrification Rate,mmol N/m^3/d,,mmol N/m^3/d,nitrification_rate,,N/A,,,Water Quality (Nutrient),
var00094,Denitrification Rate,mmol N/m^3/d,,mmol N/m^3/d,denitrification_rate,,N/A,,,Water Quality (Nutrient),
var00095,Annamox Rate,mmol N/m^3/d,,mmol N/m^3/d,annamox_rate,,N/A,,,Water Quality (Nutrient),
var00096,DNRA Rate,mmol N/m^3/d,,mmol N/m^3/d,dnra_rate,,N/A,,,Water Quality (Nutrient),
var00097,DIN Atmospheric Deposition Flux,mmol N/m^2/d,,mmol N/m^2/d,din_atmospheric_deposition_flux,,N/A,,,Water Quality (Nutrient),
var00098,PIP Sedimentation Rate,mmol P/m^3/d,,mmol P/m^3/d,pip_sedimentation_rate,,N/A,,,Water Quality (Nutrient),
var00099,PIP Resuspension Rate,mmol P/m^2/d,,mmol P/m^2/d,pip_resuspension_rate,,N/A,,,Water Quality (Nutrient),
var00100,PIP Net SWI Flux,mmol P/m^2/d,,mmol P/m^2/d,pip_net_swi_flux,,N/A,,,Water Quality (Nutrient),
var00101,FRP Sorption Rate,mmol P/m^3/d,,mmol P/m^3/d,frp_sorption_rate,,N/A,,,Water Quality (Nutrient),
var00103,DIP Atmospheric Deposition Flux,mmol P/m^2/d,,mmol P/m^2/d,dip_atmospheric_deposition_flux,,N/A,,,Water Quality (Nutrient),
var00104,POC Sedimentation Rate,mmol C/m^3/d,,mmol C/m^3/d,poc_sedimentation_rate,,N/A,,,Water Quality (Nutrient),
var00105,PON Sedimentation Rate,mmol N/m^3/d,,mmol N/m^3/d,pon_sedimentation_rate,,N/A,,,Water Quality (Nutrient),
var00106,POP Sedimentation Rate,mmol P/m^3/d,,mmol P/m^3/d,pop_sedimentation_rate,,N/A,,,Water Quality (Nutrient),
var00107,OM Sediment Fraction,v/v,,v/v,om_sediment_fraction,,N/A,,,Sediment,
var00108,Chromophoric DOM,/m,,/m,chromophoric_dom,,N/A,,,Water Quality (PhysChm),
var00109,Sediment Total Organic Carbon,mmol C/m^2,,mmol C/m^2,sediment_total_organic_carbon,,N/A,,,Sediment,
var00110,Sediment Total Organic Nitrogen,mmol N/m^2,,mmol N/m^2,sediment_total_organic_nitrogen,,N/A,,,Sediment,
var00111,Sediment Total Organic Phosphorus,mmol P/m^2,,mmol P/m^2,sediment_total_organic_phosphorus,,N/A,,,Sediment,
var00112,POC Net SWI Flux,mmol C/m^2/d,,mmol C/m^2/d,poc_net_swi_flux,,N/A,,,Water Quality (Nutrient),
var00113,DOC Net SWI Flux,mmol C/m^2/d,,mmol C/m^2/d,doc_net_swi_flux,,N/A,,,Water Quality (Nutrient),
var00114,PON Net SWI Flux,mmol N/m^2/d,,mmol N/m^2/d,pon_net_swi_flux,,N/A,,,Water Quality (Nutrient),
var00115,DON Net SWI Flux,mmol N/m^2/d,,mmol N/m^2/d,don_net_swi_flux,,N/A,,,Water Quality (Nutrient),
var00116,POP Net SWI Flux,mmol P/m^2/d,,mmol P/m^2/d,pop_net_swi_flux,,N/A,,,Water Quality (Nutrient),
var00117,DOP Net SWI Flux,mmol P/m^2/d,,mmol P/m^2/d,dop_net_swi_flux,,N/A,,,Water Quality (Nutrient),
var00118,POC Resuspension Rate,mmol C/m^2/d,,mmol C/m^2/d,poc_resuspension_rate,,N/A,,,Water Quality (Nutrient),
var00119,PON Resuspension Rate,mmol N/m^2/d,,mmol N/m^2/d,pon_resuspension_rate,,N/A,,,Water Quality (Nutrient),
var00120,POP Resuspension Rate,mmol P/m^2/d,,mmol P/m^2/d,pop_resuspension_rate,,N/A,,,Water Quality (Nutrient),
var00121,POC Hydrolysis Rate,mmol C/m^3/d,,mmol C/m^3/d,poc_hydrolysis_rate,,N/A,,,Water Quality (Nutrient),
var00122,PON Hydrolysis Rate,mmol N/m^3/d,,mmol N/m^3/d,pon_hydrolysis_rate,,N/A,,,Water Quality (Nutrient),
var00123,POP Hydrolysis Rate,mmol P/m^3/d,,mmol P/m^3/d,pop_hydrolysis_rate,,N/A,,,Water Quality (Nutrient),
var00124,DOC Mineralisation Rate,mmol C/m^3/d,,mmol C/m^3/d,doc_mineralisation_rate,,N/A,,,Water Quality (Nutrient),
var00125,DON Mineralisation Rate,mmol N/m^3/d,,mmol N/m^3/d,don_mineralisation_rate,,N/A,,,Water Quality (Nutrient),
var00126,DOP Mineralisation Rate,mmol P/m^3/d,,mmol P/m^3/d,dop_mineralisation_rate,,N/A,,,Water Quality (Nutrient),
var00127,DOC Mineralisation Rate (anaerobic),mmol C/m^3/d,,mmol C/m^3/d,doc_mineralisation_rate_anaerobic,,N/A,,,Water Quality (Nutrient),
var00128,DOC Mineralisation Rate (denitrification),mmol C/m^3/d,,mmol C/m^3/d,doc_mineralisation_rate_denitrification,,N/A,,,Water Quality (Nutrient),
var00129,Wind Direction,deg,,^{\circ},wind_direction,MET_WIND_DIR,wind_to_direction,degree,,Meteorology,
var00130,Wind Speed,m/s,,m/s,wind_speed,MET_WIND_SPD,wind_speed,m s-1,,Meteorology,
var00131,Chlorophyll-b,µg/L,Chl-b,\mug/L,tchl_b,,N/A,,,Water Quality (Nutrient),
var00132,Chlorophyll-c,µg/L,Chl-c,\mug/L,tchl_c,,N/A,,,Water Quality (Nutrient),
var00133,Cloud Cover,%,,%,cloud_cover,MET_CLOUD_COVER,N/A,,,Meteorology,
var00134,Specific Conductivity,µS/cm,,\muS/cm,specific_conductivity,,N/A,,,Water Quality (PhysChm),
var00135,Flow Status, ,, ,flow_status,,N/A,,,Hydrology,
var00136,Total Kjeldahl Nitrogen,mg/L,TKN,mg/L,total_kjeldahl_nitrogen,,N/A,,,Water Quality (Nutrient),
var00137,pH,-,pH,,ph,,N/A,,,Water Quality (PhysChm),
var00138,Phaeophytin-a,mg/L,,mg/L,phaeophytin_a,,N/A,,,Water Quality (Nutrient),
var00139,Total Alkalinity,mg/L,CaCO_3,mg/L,total_alkalinity,,N/A,,,Water Quality (Nutrient),
var00140,Secchi Depth,m,,m,secchi_depth,,secchi_depth_of_sea_water,m,,Light,
var00141,Tide Status,,,,tide_status,,N/A,,,Hydrodynamics,
var00142,Discharge (max),m3/s,,m/s,max_discharge,,N/A,,,Hydrology,
var00143,Discharge,m3/s,,m/s,discharge,,water_volume_transport_in_river_channel,m3 s-1,,Hydrology,
var00144,Discharge (min),m3/s,,m/s,min_discharge,,N/A,,,Hydrology,
var00145,Daily Discharge,ML/day,,ML/day,daily_discharge,,water_volume_transport_in_river_channel,m3 s-1,,Hydrology,
var00146,Stage Height CTF (max),m above datum,,m,max_stage_height_ctf,,N/A,,,Hydrology,
var00147,Stage Height CTF,m above datum,,m,mean_stage_height_ctf,,N/A,,,Hydrology,
var00148,Stage Height CTF (min),m above datum,,m,min_stage_height_ctf,,N/A,,,Hydrology,
var00149,Stage Height (max),m above datum,,m,max_stage_height,,N/A,,,Hydrology,
var00150,Stage Height,m above datum,,m,mean_stage_height,,N/A,,,Hydrology,
var00151,Stage Height (min),m above datum,,m,min_stage_height,,N/A,,,Hydrology,
var00152,Precipitation,m,,m,precipitation,MET_RAIN,rainfall_rate,m s-1,,Meteorology,
var00153,Air Temperature,C,,^{\circ}C,air_temperature,MET_AIR_TEMP,air_temperature,K,,Meteorology,
var00154,Wet Bulb Air Temperature,C,,^{\circ}C,wet_bulb_air_temperature,,wet_bulb_temperature,K,,Meteorology,
var00155,Dew Point Temperature,C,,^{\circ}C,dew_point_temperature,,dew_point_temperature,K,,Meteorology,
var00156,Relative Humidity,%,,%,relative_humidity,MET_HUM,relative_humidity,1,,Meteorology,
var00157,Wind Speed (max),m/s,,m/s,max_wind_speed,,wind_speed_of_gust,m s-1,,Meteorology,
var00158,Cloud Amount of First Group in Eighths,oktas,,oktas,cloud_amount_of_first_group_in_eighths,,N/A,,,Meteorology,
var00159,Cloud Height of First Group,ft,,ft,cloud_height_of_first_group,,N/A,,,Meteorology,
var00160,Cloud Amount of Second Group in Eighths,oktas,,oktas,cloud_amount_of_second_group_in_eighths,,N/A,,,Meteorology,
var00161,Cloud Height of Second Group,ft,,ft,cloud_height_of_second_group,,N/A,,,Meteorology,
var00162,Cloud Amount of Third Group in Eighths,oktas,,oktas,cloud_amount_of_third_group_in_eighths,,N/A,,,Meteorology,
var00163,Cloud Height of Third Group,ft,,ft,cloud_height_of_third_group,,N/A,,,Meteorology,
var00164,Cloud Amount of Fourth Group in Eighths,oktas,,oktas,cloud_amount_of_fourth_group_in_eighths,,N/A,,,Meteorology,
var00165,Cloud Height of Fourth Group,ft,,ft,cloud_height_of_fourth_group,,N/A,,,Meteorology,
var00166,Ceilometer Cloud Amount of First Group,oktas,,oktas,ceilometer_cloud_amount_of_first_group,,N/A,,,Meteorology,
var00167,Ceilometer Cloud Height of First Group,ft,,ft,ceilometer_cloud_height_of_first_group,,N/A,,,Meteorology,
var00168,Ceilometer Cloud Amount of Second Group,oktas,,oktas,ceilometer_cloud_amount_of_second_group,,N/A,,,Meteorology,
var00169,Ceilometer Cloud Height of Second Group,ft,,ft,ceilometer_cloud_height_of_second_group,,N/A,,,Meteorology,
var00170,Ceilometer Cloud Amount of Third Group,oktas,,oktas,ceilometer_cloud_amount_of_third_group,,N/A,,,Meteorology,
var00171,Ceilometer Cloud Height of Third Group,ft,,ft,ceilometer_cloud_height_of_third_group,,N/A,,,Meteorology,
var00172,Ceilometer Sky Clear Flag,,,,ceilometer_sky_clear_flag,,N/A,,,Meteorology,
var00173,Horizontal Visibility,km,,km,horizontal_visibility,,N/A,,,Meteorology,
var00174,AWS Visibility,km,,km,aws_visibility,,N/A,,,Meteorology,
var00175,Present Weather in Code,,,,present_weather_in_code,,N/A,,,Meteorology,
var00176,Mean sea level pressure in hPa,,,,,,,,,,
var00177,Station Level Pressure,hPa,,hPa,station_level_pressure,MET_PRESSURE,air_pressure,Pa,,Meteorology,
var00178,Chlorophyll Sample Volume,mL,,mL,chlorophyll_sample_volume,,N/A,,,Water Quality (Nutrient),
var00179,Bottom Depth,m,D,m,bottom_depth,,sea_floor_depth_below_sea_surface,m,,Hydrodynamics,
var00180,Water Surface Height,m,H,m,water_surface_height,WTR_LEVEL,sea_surface_height,m,,Hydrodynamics,
var00182,Tilt,deg,,deg,,,N/A,,,Hydrodynamics,
var00183,Spectral Radiative Flux (WL - 410W),µW/cm2/nm,,µW/cm2/nm,,,downwelling_radiative_flux_per_unit_wavelength_in_air,W m-2 m-1,,Light,
var00184,Spectral Radiative Flux (WL - 440W),µW/cm2/nm,,µW/cm2/nm,,,downwelling_radiative_flux_per_unit_wavelength_in_air,W m-2 m-1,,Light,
var00185,Spectral Radiative Flux (WL - 490W),µW/cm2/nm,,µW/cm2/nm,,,downwelling_radiative_flux_per_unit_wavelength_in_air,W m-2 m-1,,Light,
var00186,Spectral Radiative Flux (WL - 510W),µW/cm2/nm,,µW/cm2/nm,,,downwelling_radiative_flux_per_unit_wavelength_in_air,W m-2 m-1,,Light,
var00187,Spectral Radiative Flux (WL - 550W),µW/cm2/nm,,µW/cm2/nm,,,downwelling_radiative_flux_per_unit_wavelength_in_air,W m-2 m-1,,Light,
var00188,Spectral Radiative Flux (WL - 590W),µW/cm2/nm,,µW/cm2/nm,,,downwelling_radiative_flux_per_unit_wavelength_in_air,W m-2 m-1,,Light,
var00189,Spectral Radiative Flux (WL - 635W),µW/cm2/nm,,µW/cm2/nm,,,downwelling_radiative_flux_per_unit_wavelength_in_air,W m-2 m-1,,Light,
var00190,Spectral Radiative Flux (WL - 660W),µW/cm2/nm,,µW/cm2/nm,,,downwelling_radiative_flux_per_unit_wavelength_in_air,W m-2 m-1,,Light,
var00191,Spectral Radiative Flux (WL - 700W),µW/cm2/nm,,µW/cm2/nm,,,downwelling_radiative_flux_per_unit_wavelength_in_air,W m-2 m-1,,Light,
var00192,ACCELERATIONX,m s-2,,m s-2,,,N/A,,,Hydrodynamics,
var00193,ACCELERATIONY,m s-2,,m s-2,,,N/A,,,Hydrodynamics,
var00194,ACCELERATIONZ,m s-2,,m s-2,,,N/A,,,Hydrodynamics,
var00195,AMPLITUDE1,counts,,counts,,,N/A,,,Hydrodynamics,
var00196,AMPLITUDE2,counts,,counts,,,N/A,,,Hydrodynamics,
var00197,AMPLITUDE3,counts,,counts,,,N/A,,,Hydrodynamics,
var00198,CELL,m,,m,,,N/A,,,Hydrodynamics,
var00199,DENSITY ANOMALY,kg m-3,,kg m-3,,,N/A,,,Hydrodynamics,
var00201,HEADING,Degrees clockwise from true North,,Degrees clockwise from true North,,,N/A,,,Hydrodynamics,
var00202,LOWER_UCUR,m s-1,,m s-1,,,N/A,,,Hydrodynamics,
var00203,LOWER_VCUR,m s-1,,m s-1,,,N/A,,,Hydrodynamics,
var00204,MIDDLE_UCUR,m s-1,,m s-1,,,N/A,,,Hydrodynamics,
var00205,MIDDLE_VCUR,m s-1,,m s-1,,,N/A,,,Hydrodynamics,
var00206,Pitch,deg,,deg,,,N/A,,,Hydrodynamics,
var00207,PRESSURE,dbar,,dbar,,,N/A,,,Hydrodynamics,
var00208,PRESSURE_SENSOR_DEPTH,metres,,metres,,,N/A,,,Hydrodynamics,
var00209,ROLL,degrees,,degrees,,,N/A,,,Hydrodynamics,
var00210,SPEED_OF_SOUND,m s-1,c,m s-1,,,N/A,,,Hydrodynamics,
var00211,UCUR (eastward velocity),m s-1,,m s-1,,,N/A,,,Hydrodynamics,
var00212,UPPER_UCUR,m s-1,,m s-1,,,N/A,,,Hydrodynamics,
var00213,UPPER_VCUR,m s-1,,m s-1,,,N/A,,,Hydrodynamics,
var00214,VCUR (northward velocity),m s-1,,m s-1,,,N/A,,,Hydrodynamics,
var00215,WCUR,m s-1,,m s-1,,,N/A,,,Hydrodynamics,
var00216,Light Attenuation Coefficient,m-1,K_d,m-1,light_attenuation_coefficient,,volume_attenuation_coefficient_of_downwelling_radiative_flux_in_sea_water,m-1,,Light,
var00218,Density,kg m-3,,kg m-3,density,WTR_DENSITY,sea_water_density,kg m-3,,Hydrodynamics,
var00219,Fluorescence,-,,-,fluorescence,,N/A,,,Water Quality (PhysChm),
var00220,Prochlorococcus,cellsmL,,,prochlorococcus,,N/A,,,Ecology (Planktonic),
var00221,Synechococcus,cellsmL,,,synechococcus,,N/A,,,Ecology (Planktonic),
var00222,Picoeukaryotes,cellsmL,,,picoeukaryotes,,N/A,,,Ecology (Planktonic),
var00223,Allo,mg/m3,,,Allo,,N/A,,,Ecology (Planktonic),
var00224,AlphaBetaCar,mg/m3,,,AlphaBetaCar,,N/A,,,Ecology (Planktonic),
var00225,Anth,mg/m3,,,Anth,,N/A,,,Ecology (Planktonic),
var00226,Asta,mg/m3,,,Asta,,N/A,,,Ecology (Planktonic),
var00227,BetaBetaCar,mg/m3,,,BetaBetaCar,,N/A,,,Ecology (Planktonic),
var00228,BetaEpiCar,mg/m3,,,BetaEpiCar,,N/A,,,Ecology (Planktonic),
var00229,Butfuco,mg/m3,,,Butfuco,,N/A,,,Ecology (Planktonic),
var00230,Cantha,mg/m3,,,Cantha,,N/A,,,Ecology (Planktonic),
var00231,CphlA,mg/m3,,,CphlA,,N/A,,,Ecology (Planktonic),
var00232,CphlB,mg/m3,,,CphlB,,N/A,,,Ecology (Planktonic),
var00233,CphlC1,mg/m3,,,CphlC1,,N/A,,,Ecology (Planktonic),
var00234,CphlC2,mg/m3,,,CphlC2,,N/A,,,Ecology (Planktonic),
var00235,CphlC3,mg/m3,,,CphlC3,,N/A,,,Ecology (Planktonic),
var00236,CphlC1C2,mg/m3,,,CphlC1C2,,N/A,,,Ecology (Planktonic),
var00237,CphlideA,mg/m3,,,CphlideA,,N/A,,,Ecology (Planktonic),
var00238,Diadchr,mg/m3,,,Diadchr,,N/A,,,Ecology (Planktonic),
var00239,Diadino,mg/m3,,,Diadino,,N/A,,,Ecology (Planktonic),
var00240,Diato,mg/m3,,,Diato,,N/A,,,Ecology (Planktonic),
var00241,Dino,mg/m3,,,Dino,,N/A,,,Ecology (Planktonic),
var00242,DvCphlA+CphlA,mg/m3,,,DvCphlA_CphlA,,N/A,,,Ecology (Planktonic),
var00243,DvCphlA,mg/m3,,,DvCphlA,,N/A,,,Ecology (Planktonic),
var00244,DvCphlB+CphlB,mg/m3,,,DvCphlB_CphlB,,N/A,,,Ecology (Planktonic),
var00245,DvCphlB,mg/m3,,,DvCphlB,,N/A,,,Ecology (Planktonic),
var00246,Echin,mg/m3,,,Echin,,N/A,,,Ecology (Planktonic),
var00247,Fuco,mg/m3,,,Fuco,,N/A,,,Ecology (Planktonic),
var00248,Gyro,mg/m3,,,Gyro,,N/A,,,Ecology (Planktonic),
var00249,Hexfuco,mg/m3,,,Hexfuco,,N/A,,,Ecology (Planktonic),
var00250,Ketohexfuco,mg/m3,,,Ketohexfuco,,N/A,,,Ecology (Planktonic),
var00251,Lut,mg/m3,,,Lut,,N/A,,,Ecology (Planktonic),
var00252,Lyco,mg/m3,,,Lyco,,N/A,,,Ecology (Planktonic),
var00253,MgDvp,mg/m3,,,MgDvp,,N/A,,,Ecology (Planktonic),
var00254,Neo,mg/m3,,,Neo,,N/A,,,Ecology (Planktonic),
var00255,Perid,mg/m3,,,Perid,,N/A,,,Ecology (Planktonic),
var00256,PhideA,mg/m3,,,PhideA,,N/A,,,Ecology (Planktonic),
var00257,PhytinA,mg/m3,,,PhytinA,,N/A,,,Ecology (Planktonic),
var00258,PhytinB,mg/m3,,,PhytinB,,N/A,,,Ecology (Planktonic),
var00259,Pras,mg/m3,,,Pras,,N/A,,,Ecology (Planktonic),
var00260,PyrophideA,mg/m3,,,PyrophideA,,N/A,,,Ecology (Planktonic),
var00261,PyrophytinA,mg/m3,,,PyrophytinA,,N/A,,,Ecology (Planktonic),
var00262,Viola,mg/m3,,,Viola,,N/A,,,Ecology (Planktonic),
var00263,Zea,mg/m3,,,Zea,,N/A,,,Ecology (Planktonic),
var00264,Nitrite,mg/L,,,Nitrite,,N/A,,,Water Quality (Nutrient),
var00265,TSSorganic,mg/L,,,TSSorganic,,N/A,,,Water Quality (Nutrient),
var00266,TSSinorganic,mg/L,,,TSSinorganic,,N/A,,,Water Quality (Nutrient),
var00267,Dissolved Inorganic Carbon,mg/L,DIC,,dissolved_inorganic_carbon,,N/A,,,Water Quality (Nutrient),
var00268,Pressure Head,m,H,,pressure_head,,,,,Hydrodynamics,
var00269,Current Velocity (x component),m/s,V_x,,velocity_x_component_of_current,,,,,Hydrodynamics,
var00270,Current Velocity (y component),m/s,V_y,,velocity_y_component_of_current,,,,,Hydrodynamics,
var00271,Significant Wave Height,m,WVHT,,significant_waveheight,,,,,Hydrodynamics,
var00272,Mean 1/3 Wave Height,m,H_{1/3},,mean_1_3_waveheight,,,,,Hydrodynamics,
var00273,Mean 1/10 Wave Height,m,H_{1/10},,mean_1_10_waveheight,,,,,Hydrodynamics,
var00274,Maximum Wave Height,m,Hmax,,maximum_waveheight,,,,,Hydrodynamics,
var00275,Mean Wave Height,m,Hmean,,mean_wave_height,,,,,Hydrodynamics,
var00276,Mean Wave Period,s,Tmean,,mean_wave_period,,,,,Hydrodynamics,
var00277,Peak Wave Period,s,WVPER,,peak_wave_period,,,,,Hydrodynamics,
var00278,Mean 1/3 Period,s,T_{1/3},,mean_1_3_period,,,,,Hydrodynamics,
var00279,Mean 1/10 Period,s,T_{1/10},,mean_1_10_period,,,,,Hydrodynamics,
var00280,Maximum Wave Period,s,Tmax,,maximum_wave_period,,,,,Hydrodynamics,
var00281,Peak Wave Direction,deg,WVDIR,,peak_wave_direction,,,,,Hydrodynamics,
var00282,Directional Spread,deg,SprTp,,directional_spread,,,,,Hydrodynamics,
var00283,Mean Wave Direction,deg,Mdir,,mean_wave_direction,,,,,Hydrodynamics,
var00284,Current Velocity,m/s,Vmag,,current_velocity,,,,,Hydrodynamics,
var00285,Current Direction,deg,Vdir,,current_direction,,,,,Hydrodynamics,
var00286,Wind Speed (min),m/s,,m/s,min_wind_speed,,,,,Meteorology,
var00287,Wind Direction (std),deg,,^{\circ},wind_direction_std,,,,,Meteorology,
var00288,Station Level Pressure (max),hPa,,hPa,max_station_level_pressure,,,,,Meteorology,
var00289,Station Level Pressure (min),hPa,,hPa,min_station_level_pressure,,,,,Meteorology,
var00290,Station Level Pressure (std),hPa,,hPa,sea_level_pressure_std,,,,,Meteorology,
var00291,Surface Solar Irradiance,W/m^2,W/m^2,W/m^2,solar_raditation,,,,,Meteorology,
var00292,Surface Solar Irradiance (min),W/m^2,W/m^2,W/m^2,min_solar_raditation,,,,,Meteorology,
var00293,Surface Solar Irradiance (max),W/m^2,W/m^2,W/m^2,max_solar_raditation,,,,,Meteorology,
var00294,Surface Solar Irradiance (std),W/m^2,W/m^2,W/m^2,solar_raditation_std,,,,,Meteorology,
var00295,Surface Photosynthetically Active Photon Flux (max),µmol/m2/s,µmol/m2/s,µmol/m2/s,max_PAR,,,,,Light,
var00296,Surface Photosynthetically Active Photon Flux (min),µmol/m2/s,µmol/m2/s,µmol/m2/s,min_PAR,,,,,Light,
var00297,Surface Photosynthetically Active Photon Flux (std),µmol/m2/s,µmol/m2/s,µmol/m2/s,PAR_STD,,,,,Light,
var00298,Daily Surface Photosynthetically Active Photon Flux,µmol/m2/day,,µmol/m2/day,daily_surface_photon_flux,,surface_downwelling_photosynthetic_radiative_flux_in_air,W m-2,,Light,
var00299,Daily Solar Irradiance,MJ/day,,MJ/day,daily_solar_irradiance,,,,,Meteorology,
var00300,Spectral Radiative Flux (WL - 398µW),µW/cm2/nm,,µW/cm2/nm,spectral_radiative_flux_wl_398,,,,,Light,
var00301,Spectral Radiative Flux (WL - 448µW),µW/cm2/nm,,µW/cm2/nm,spectral_radiative_flux_wl_399,,,,,Light,
var00302,Spectral Radiative Flux (WL - 470µW),µW/cm2/nm,,µW/cm2/nm,spectral_radiative_flux_wl_400,,,,,Light,
var00303,Spectral Radiative Flux (WL - 524µW),µW/cm2/nm,,µW/cm2/nm,spectral_radiative_flux_wl_401,,,,,Light,
var00304,Spectral Radiative Flux (WL - 554µW),µW/cm2/nm,,µW/cm2/nm,spectral_radiative_flux_wl_402,,,,,Light,
var00305,Spectral Radiative Flux (WL - 590µW),µW/cm2/nm,,µW/cm2/nm,spectral_radiative_flux_wl_403,,,,,Light,
var00306,Spectral Radiative Flux (WL - 628µW),µW/cm2/nm,,µW/cm2/nm,spectral_radiative_flux_wl_404,,,,,Light,
var00307,Spectral Radiative Flux (WL - 656µW),µW/cm2/nm,,µW/cm2/nm,spectral_radiative_flux_wl_405,,,,,Light,
var00308,Spectral Radiative Flux (WL - 699µW),µW/cm2/nm,,µW/cm2/nm,spectral_radiative_flux_wl_406,,,,,Light,
var00309,Spectral Photon Flux (WL - 398µmol),µmol/m2/s,,µmol/m2/s,spectral_photon_flux_wl_398,,,,,Light,
var00310,Spectral Photon Flux (WL - 448µmol),µmol/m2/s,,µmol/m2/s,spectral_photon_flux_wl_448,,,,,Light,
var00311,Spectral Photon Flux (WL - 470µmol),µmol/m2/s,,µmol/m2/s,spectral_photon_flux_wl_470,,,,,Light,
var00312,Spectral Photon Flux (WL - 524µmol),µmol/m2/s,,µmol/m2/s,spectral_photon_flux_wl_524,,,,,Light,
var00313,Spectral Photon Flux (WL - 554µmol),µmol/m2/s,,µmol/m2/s,spectral_photon_flux_wl_554,,,,,Light,
var00314,Spectral Photon Flux (WL - 590µmol),µmol/m2/s,,µmol/m2/s,spectral_photon_flux_wl_590,,,,,Light,
var00315,Spectral Photon Flux (WL - 628µmol),µmol/m2/s,,µmol/m2/s,spectral_photon_flux_wl_628,,,,,Light,
var00316,Spectral Photon Flux (WL - 656µmol),µmol/m2/s,,µmol/m2/s,spectral_photon_flux_wl_656,,,,,Light,
var00317,Spectral Photon Flux (WL - 699µmol),µmol/m2/s,,µmol/m2/s,spectral_photon_flux_wl_699,,,,,Light,
var00318,Daily Photosynthetically Active Photon Flux,µmol/m2/day,,µmol/m2/day,daily_photon_flux,,,,,Light,
var00320,Fluorescence,V,,V,fluorescence,,,,,Water Quality (PhysChm),
var00321,Logger Temperature,C,T_{logger},C,logger_temperature,,,,,Misc,
var00322,Photosynthetically Active Photon Flux,µmol/m2/s,,µmol/m^2/s,photosynthetically_active_photon_flux,,,,,Light,
var00323,Surface Photosynthetically Active Photon Flux,µmol/m2/s,,µmol/m^2/s,surface_photosynthetically_active_photon_flux,,,,,Light,
var00324,Posidonia Sinuosa Count,counts,,,posidonia_sinuosa_count,,,,,Ecology (Benthic),
var00325,Posidonia Sinuosa Density,counts/m2,,,posidonia_sinuosa_density,,,,,Ecology (Benthic),
var00326,Posidonia Sinuosa Above Ground Biomass,mmol C/m2,,µmol c/m^2,posidonia_sinuosa_above_ground_biomass,,,,,Ecology (Benthic),
var00327,Posidonia Sinuosa Below Ground Biomass,mmol C/m2,,µmol c/m^2,posidonia_sinuosa_below_ground_biomass,,,,,Ecology (Benthic),
var00328,Phaeophytin-a,µg/l,µg/l,\mug/L,phaeophytin_a,,N/A,,,Water Quality (Nutrient),
var00329,Copper,mg/L,mg/L,mg/L,copper,,N/A,,,Water Quality (Contaminants),
var00330,Lead,mg/L,mg/L,mg/L,lead,,N/A,,,Water Quality (Contaminants),
var00331,Nickel,mg/L,mg/L,mg/L,nickel,,N/A,,,Water Quality (Contaminants),
var00332,Silver,mg/L,mg/L,mg/L,silver,,N/A,,,Water Quality (Contaminants),
var00333,Zinc,mg/L,mg/L,mg/L,zinc,,N/A,,,Water Quality (Contaminants),
var00334,Filtered Copper,μg/L,μg/L,\mug/L,filtered copper,,N/A,,,Water Quality (Contaminants),
var00335,Benzene,μg/L,μg/L,\mug/L,benzene,,N/A,,,Water Quality (Contaminants),
var00336,Toluene,μg/L,μg/L,\mug/L,toluene,,N/A,,,Water Quality (Contaminants),
var00337,Ethylbenzene,μg/L,μg/L,\mug/L,ethylbenzene,,N/A,,,Water Quality (Contaminants),
var00338,Xylene,μg/L,μg/L,\mug/L,xylene,,N/A,,,Water Quality (Contaminants),
var00339,"m,p-Xylene",μg/L,μg/L,\mug/L,m_p_xylene,,N/A,,,Water Quality (Contaminants),
var00340,Total BTEX,μg/L,μg/L,\mug/L,total btex,,N/A,,,Water Quality (Contaminants),
var00341,TPH C6 - C9,μg/L,μg/L,\mug/L,tph_c6_c9,,N/A,,,Water Quality (Contaminants),
var00342,TPH C10 - C14,μg/L,μg/L,\mug/L,tph_c10_c14,,N/A,,,Water Quality (Contaminants),
var00343,TPH C15 - C28,μg/L,μg/L,\mug/L,tph_c15_c28,,N/A,,,Water Quality (Contaminants),
var00344,TPH C29 - C36,μg/L,μg/L,\mug/L,tph_c29_c36,,N/A,,,Water Quality (Contaminants),
var00345,Total TPH,μg/L,μg/L,\mug/L,total_tph,,N/A,,,Water Quality (Contaminants),
var00346,TRH C6-C10,μg/L,μg/L,\mug/L,trh_c6_c10,,N/A,,,Water Quality (Contaminants),
var00347,TRH gtC10-C16,μg/L,μg/L,\mug/L,trh_gtc10_c16,,N/A,,,Water Quality (Contaminants),
var00348,TRH gtC16-C34,μg/L,μg/L,\mug/L,trh_gtc16_c34,,N/A,,,Water Quality (Contaminants),
var00349,TRH gtC34-C40,μg/L,μg/L,\mug/L,trh_gtc34_c40,,N/A,,,Water Quality (Contaminants),
var00350,Total TRHs,μg/L,μg/L,\mug/L,total_trhs,,N/A,,,Water Quality (Contaminants),
var00351,Posidonia Sinuosa Total Biomass,mmol C/m2,,µmol c/m^2,posidonia_sinuosa_total_biomass,,N/A,,,Ecology (Benthic),
var00352,Posidonia Sinuosa Dry Weight,g,g,g,posidonia_sinuosa_dry_weight,,N/A,,,Ecology (Benthic),
var00353,Picoplankton Fraction,%,%,%,picop_brewin2012in,,N/A,,,Ecology (Planktonic),
var00354,Part. sz (W'worth) - Clay <4um (%),%,%,%,,,N/A,,,Water Quality (Contaminants),
var00355,Part. sz (W'worth) - Silt v fine silt >4 - <8um (%),%,%,%,,,N/A,,,Water Quality (Contaminants),
var00356,Part. sz (W''worth) - Silt fine silt >8 - <16um (%),%,%,%,,,N/A,,,Water Quality (Contaminants),
var00357,Part. sz (W''worth) - Silt medium >16 - <31um (%),%,%,%,,,N/A,,,Water Quality (Contaminants),
var00358,Part. sz (W''worth) - Silt coarse >31 - <63um (%),%,%,%,,,N/A,,,Water Quality (Contaminants),
var00359,Part. sz (W''worth) - Silt  >4 - <63um (%),%,%,%,,,N/A,,,Water Quality (Contaminants),
var00360,Part. sz (W'worth) - Sand v fine >63 - <=125um (%),%,%,%,,,N/A,,,Water Quality (Contaminants),
var00361,Part. sz (W'worth) - Sand fine >125 - <=250um (%),%,%,%,,,N/A,,,Water Quality (Contaminants),
var00362,Part. sz (W'worth) - Sand med >250 - <=500um (%),%,%,%,,,N/A,,,Water Quality (Contaminants),
var00363,Part. sz (W'worth) - Sand coarse >500um-<=1mm (%),%,%,%,,,N/A,,,Water Quality (Contaminants),
var00364,Part. sz (W'worth) - Sand v coarse >1 - <=2mm (%),%,%,%,,,N/A,,,Water Quality (Contaminants),
var00365,Part. sz (W''worth) - Sand >63 - <2000um (%),%,%,%,,,N/A,,,Water Quality (Contaminants),
var00366,Part. sz (W'worth) - Gravel >2mm (%),%,%,%,,,N/A,,,Water Quality (Contaminants),
var00369,longwave radiation,W/m^2,W/m^2,W/m^2,,,,,,Meteorology,
var00372,Specific humidity at 2m height,%,%,%,,,,,,Meteorology,
var00373,Sensible heat flux,W/m^2,W/m^2,W/m^2,,,,,,Meteorology,
var00374,Latent heat flux ,W/m^2,W/m^2,W/m^2,,,,,,Meteorology,
var00375,sea surface temperature,C,C,C,,,,,,Meteorology,
var00377,eastern wind speed at 10 m height,m s-1,m s-1,m s-1,,,,,,Meteorology,
var00378,northern wind speed at 10 m height,m s-1,m s-1,m s-1,,,,,,Meteorology,
var00381,maximum cloud cover,%,%,COMEBACK TO,COMEBACK TO,COMEBACK TO,COMEBACK TO,COMEBACK TO,,Meteorology,COMEBACK TO
var00382,RAINV,,,,,,,,,Meteorology,
var00383,Precipitation Rate,m/s,,m/s,precipitation_rate,MET_RAIN,rainfall_rate,m s-1,,Meteorology,
var00384,Air Pressure,Pa,Pa,Pa,air_pressure,,,,,Meteorology,
var00385,mslp,,,,,,,,,Meteorology,
var00386,lwsfcdown,,,,,,,,,Meteorology,
var00387,temp_scrn,,,,,,,,,Meteorology,
var00388,NTUe,,,,,,,,,Water Quality (Contaminants),
var00389,SSC_mg.l,,,,,,,,,Water Quality (Contaminants),
var00390,light_shift,,,,,,,,,Water Quality (Contaminants),
var00391,Dep_mg.cm2,,,,,,,,,Water Quality (Contaminants),
var00393,RMS,,,,,,,,,Water Quality (Contaminants),
var00395,Deprate_mg.cm2day,,,,,,,,,Water Quality (Contaminants),
var00396,Depratemean_mg.cm2day,,,,,,,,,Water Quality (Contaminants),
var00600,Chlorophyll-a (mg per filter),mg per filter,mg per filter,mg per filter,,,N/A,,,Water Quality (Nutrient),
var00601,Chlorophyll-a (Phaeophytin corrected),ug/l,ug/l,ug/l,,,N/A,,,Water Quality (Nutrient),
var00602,Ammonium (lab total - DONT USE),mg/l,mg/l,mg/l,,,N/A,,,Water Quality (Nutrient),
var00603,Nitrate (lab total - DONT USE),mg/l,mg/l,mg/l,,,N/A,,,Water Quality (Nutrient),
var00604,Wind Speed Estimate,Beaufort,Beaufort,Beaufort,,,N/A,,,Meteorology,
var00605,Nitrite (lab total - DONT USE),mg/l,mg/l,mg/l,,,N/A,,,Water Quality (Nutrient),
var00606,Total Nitrogen Persulphate Oxid (DONT USE),mg/l,mg/l,mg/l,,,N/A,,,Water Quality (Nutrient),
var00607,(Cylindrospermopsis raciborskii),cells/mL,cells/mL,cells/mL,,,N/A,,,Ecology (Planktonic),
var00608,Total Aluminium,mg/l,mg/l,mg/l,,,N/A,,,Water Quality (Contaminants),
var00609,Bacillariophyta (Achnanthes sp.),cells/mL,cells/mL,cells/mL,,,N/A,,,Ecology (Planktonic),
var00610,Bacillariophyta (Asterionella sp.),cells/mL,cells/mL,cells/mL,,,N/A,,,Ecology (Planktonic),
var00611,Bacillariophyta (Aulacoseira sp.),cells/mL,cells/mL,cells/mL,,,N/A,,,Ecology (Planktonic),
var00612,Bacillariophyta (Cyclotella sp.),cells/mL,cells/mL,cells/mL,,,N/A,,,Ecology (Planktonic),
var00613,Bacillariophyta (Cymbella hauckii),cells/mL,cells/mL,cells/mL,,,N/A,,,Ecology (Planktonic),
var00614,Bacillariophyta (Diatoma sp.),cells/mL,cells/mL,cells/mL,,,N/A,,,Ecology (Planktonic),
var00615,Bacillariophyta (Fragilaria sp.),cells/mL,cells/mL,cells/mL,,,N/A,,,Ecology (Planktonic),
var00616,Bacillariophyta (Gomphonema sp.),cells/mL,cells/mL,cells/mL,,,N/A,,,Ecology (Planktonic),
var00617,Bacillariophyta (Navicula sp.),cells/mL,cells/mL,cells/mL,,,N/A,,,Ecology (Planktonic),
var00618,Bacillariophyta (Nitzschia sp.),cells/mL,cells/mL,cells/mL,,,N/A,,,Ecology (Planktonic),
var00619,Bacillariophyta (Synedra sp.),cells/mL,cells/mL,cells/mL,,,N/A,,,Ecology (Planktonic),
var00620,Bacillariophyta (Ulnaria sp.),cells/mL,cells/mL,cells/mL,,,N/A,,,Ecology (Planktonic),
var00621,Bacillariophyta (Urosolenia sp.),cells/mL,cells/mL,cells/mL,,,N/A,,,Ecology (Planktonic),
var00622,Bacillariophyta Unid Diatom-Bacillariale,cells/mL,cells/mL,cells/mL,,,N/A,,,Ecology (Planktonic),
var00623,Bicarbonate Alkalinity as CaCO3,mg/l,mg/l,mg/l,,,N/A,,,Water Quality (PhysChm),
var00624,Bromide,mg/l,mg/l,mg/l,,,N/A,,,Water Quality (Contaminants),
var00625,Total Cadmium,mg/l,mg/l,mg/l,,,N/A,,,Water Quality (Contaminants),
var00626,Charophyta (Cosmocladium sp.),cells/mL,cells/mL,cells/mL,,,N/A,,,Ecology (Planktonic),
var00627,Charophyta (Elakatothrix sp.),cells/mL,cells/mL,cells/mL,,,N/A,,,Ecology (Planktonic),
var00628,Charophyta (Euastrum sp.),cells/mL,cells/mL,cells/mL,,,N/A,,,Ecology (Planktonic),
var00629,Charophyta (Eudorina sp.),cells/mL,cells/mL,cells/mL,,,N/A,,,Ecology (Planktonic),
var00630,Charophyta (Mesotaenium sp.),cells/mL,cells/mL,cells/mL,,,N/A,,,Ecology (Planktonic),
var00631,Charophyta (Onychonema sp.),cells/mL,cells/mL,cells/mL,,,N/A,,,Ecology (Planktonic),
var00632,Charophyta (Spondylosium sp.),cells/mL,cells/mL,cells/mL,,,N/A,,,Ecology (Planktonic),
var00633,Charophyta (Teilingia sp.),cells/mL,cells/mL,cells/mL,,,N/A,,,Ecology (Planktonic),
var00634,Charophyta (Zygnema sp.),cells/mL,cells/mL,cells/mL,,,N/A,,,Ecology (Planktonic),
var00635,Chloride,mg/l,mg/l,mg/l,,,N/A,,,Water Quality (Nutrient),
var00636,Chlorophyta (Ankistrodesmus sp.),cells/mL,cells/mL,cells/mL,,,N/A,,,Ecology (Planktonic),
var00637,Chlorophyta (Ankyra sp.),cells/mL,cells/mL,cells/mL,,,N/A,,,Ecology (Planktonic),
var00638,Chlorophyta (Botryococcus sp.),cells/mL,cells/mL,cells/mL,,,N/A,,,Ecology (Planktonic),
var00639,Chlorophyta (Chlamydomonas sp.),cells/mL,cells/mL,cells/mL,,,N/A,,,Ecology (Planktonic),
var00640,Chlorophyta (Chlorogonium spp.),cells/mL,cells/mL,cells/mL,,,N/A,,,Ecology (Planktonic),
var00641,Chlorophyta (Chodatella sp.),cells/mL,cells/mL,cells/mL,,,N/A,,,Ecology (Planktonic),
var00642,Chlorophyta (Closteriopsis sp.),cells/mL,cells/mL,cells/mL,,,N/A,,,Ecology (Planktonic),
var00643,Chlorophyta (Closterium sp.),cells/mL,cells/mL,cells/mL,,,N/A,,,Ecology (Planktonic),
var00644,Chlorophyta (Coelastrum sp.),cells/mL,cells/mL,cells/mL,,,N/A,,,Ecology (Planktonic),
var00645,Chlorophyta (Comasiella sp.),cells/mL,cells/mL,cells/mL,,,N/A,,,Ecology (Planktonic),
var00646,Chlorophyta (Cosmarium sp.),cells/mL,cells/mL,cells/mL,,,N/A,,,Ecology (Planktonic),
var00647,Chlorophyta (Crucigenia sp.),cells/mL,cells/mL,cells/mL,,,N/A,,,Ecology (Planktonic),
var00648,Chlorophyta (Crucigeniella sp.),cells/mL,cells/mL,cells/mL,,,N/A,,,Ecology (Planktonic),
var00649,Chlorophyta (Desmodesmus sp.),cells/mL,cells/mL,cells/mL,,,N/A,,,Ecology (Planktonic),
var00650,Chlorophyta (Dictyosphaerium sp.),cells/mL,cells/mL,cells/mL,,,N/A,,,Ecology (Planktonic),
var00651,Chlorophyta (Gloeocystis sp.),cells/mL,cells/mL,cells/mL,,,N/A,,,Ecology (Planktonic),
var00652,Chlorophyta (Golenkinia sp.),cells/mL,cells/mL,cells/mL,,,N/A,,,Ecology (Planktonic),
var00653,Chlorophyta (Golenkiniopsis sp.),cells/mL,cells/mL,cells/mL,,,N/A,,,Ecology (Planktonic),
var00654,Chlorophyta (Gonium sp.),cells/mL,cells/mL,cells/mL,,,N/A,,,Ecology (Planktonic),
var00655,Chlorophyta (Kirchneriella sp.),cells/mL,cells/mL,cells/mL,,,N/A,,,Ecology (Planktonic),
var00656,Chlorophyta (Lagerheimia sp.),cells/mL,cells/mL,cells/mL,,,N/A,,,Ecology (Planktonic),
var00657,Chlorophyta (Micractinium sp.),cells/mL,cells/mL,cells/mL,,,N/A,,,Ecology (Planktonic),
var00658,Chlorophyta (Microspora sp.),cells/mL,cells/mL,cells/mL,,,N/A,,,Ecology (Planktonic),
var00659,Chlorophyta (Monoraphidium sp.),cells /ml,cells /ml,cells /ml,,,N/A,,,Ecology (Planktonic),
var00660,Chlorophyta (Mougeotia sp.),cells/mL,cells/mL,cells/mL,,,N/A,,,Ecology (Planktonic),
var00661,Chlorophyta (Nephrocytium sp.),cells/mL,cells/mL,cells/mL,,,N/A,,,Ecology (Planktonic),
var00662,Chlorophyta (Oocystis sp.),cells/mL,cells/mL,cells/mL,,,N/A,,,Ecology (Planktonic),
var00663,Chlorophyta (Pandorina sp.),cells/mL,cells/mL,cells/mL,,,N/A,,,Ecology (Planktonic),
var00664,Chlorophyta (Paulschulzia sp.),cells/mL,cells/mL,cells/mL,,,N/A,,,Ecology (Planktonic),
var00665,Chlorophyta (Pediastrum sp.),cells/mL,cells/mL,cells/mL,,,N/A,,,Ecology (Planktonic),
var00666,Chlorophyta (Planktosphaeria),cells/mL,cells/mL,cells/mL,,,N/A,,,Ecology (Planktonic),
var00667,Chlorophyta (Pyramimonas sp.),cells/mL,cells/mL,cells/mL,,,N/A,,,Ecology (Planktonic),
var00668,Chlorophyta (Quadrigula sp.),Cells/mL,Cells/mL,Cells/mL,,,N/A,,,Ecology (Planktonic),
var00669,Chlorophyta (Scenedesmus sp.),cells/mL,cells/mL,cells/mL,,,N/A,,,Ecology (Planktonic),
var00670,Chlorophyta (Sphaerellopsis sp.),cells/mL,cells/mL,cells/mL,,,N/A,,,Ecology (Planktonic),
var00671,Chlorophyta (Sphaerocystis sp.),cells/mL,cells/mL,cells/mL,,,N/A,,,Ecology (Planktonic),
var00672,Chlorophyta (Sphaerozosma vertebratum),cells/mL,cells/mL,cells/mL,,,N/A,,,Ecology (Planktonic),
var00673,Chlorophyta (Staurastrum sp.),cells/mL,cells/mL,cells/mL,,,N/A,,,Ecology (Planktonic),
var00674,Chlorophyta (Staurodesmus sp.),cells/mL,cells/mL,cells/mL,,,N/A,,,Ecology (Planktonic),
var00675,Chlorophyta (Tetraedron sp.),cells/mL,cells/mL,cells/mL,,,N/A,,,Ecology (Planktonic),
var00676,Chlorophyta (Ulothrix sp.),cells/mL,cells/mL,cells/mL,,,N/A,,,Ecology (Planktonic),
var00677,Chlorophyta (Volvox sp.),cells/mL,cells/mL,cells/mL,,,N/A,,,Ecology (Planktonic),
var00678,Chromista (Unidentified dinoflagellate),cells/mL,cells/mL,cells/mL,,,N/A,,,Ecology (Planktonic),
var00679,Total Chromium,mg/l,mg/l,mg/l,,,N/A,,,Water Quality (Contaminants),
var00680,Chrysophyta (Dinobryon sp.),cells/mL,cells/mL,cells/mL,,,N/A,,,Ecology (Planktonic),
var00681,Chrysophyta (Globulifera),cells/mL,cells/mL,cells/mL,,,N/A,,,Ecology (Planktonic),
var00682,Chrysophyta (Mallomonas akrokomos),cells/mL,cells/mL,cells/mL,,,N/A,,,Ecology (Planktonic),
var00683,Chrysophyta (Mallomonas sp.),cells/mL,cells/mL,cells/mL,,,N/A,,,Ecology (Planktonic),
var00684,Chrysophyta (Synura sp.),cells/mL,cells/mL,cells/mL,,,N/A,,,Ecology (Planktonic),
var00685,Total Cobalt (mg per l),mg/l,mg/l,mg/l,,,N/A,,,Water Quality (Contaminants),
var00686,Cryptophyta (Chroomonas sp.),cells/mL,cells/mL,cells/mL,,,N/A,,,Ecology (Planktonic),
var00687,Cryptophyta (Cryptomonas sp.),cells/mL,cells/mL,cells/mL,,,N/A,,,Ecology (Planktonic),
var00688,Cryptophyta (Unidentified Cryptomonad),cells/mL,cells/mL,cells/mL,,,N/A,,,Ecology (Planktonic),
var00689,Cyanobacteria (Anabaena bergii),cells/mL,cells/mL,cells/mL,,,N/A,,,Ecology (Planktonic),
var00690,Cyanobacteria (Anabaena sp.),cells/mL,cells/mL,cells/mL,,,N/A,,,Ecology (Planktonic),
var00691,Cyanobacteria (Anabaenopsis sp.),cells/mL,cells/mL,cells/mL,,,N/A,,,Ecology (Planktonic),
var00692,Cyanobacteria (Anathece sp.),cells/mL,cells/mL,cells/mL,,,N/A,,,Ecology (Planktonic),
var00693,Cyanobacteria (Aphanocapsa sp.),cells/mL,cells/mL,cells/mL,,,N/A,,,Ecology (Planktonic),
var00694,Cyanobacteria (Aphanothece sp. 1),cells/mL,cells/mL,cells/mL,,,N/A,,,Ecology (Planktonic),
var00695,Cyanobacteria (Aphanothece sp.),cells/mL,cells/mL,cells/mL,,,N/A,,,Ecology (Planktonic),
var00696,Cyanobacteria (Borzia sp.),cells/mL,cells/mL,cells/mL,,,N/A,,,Ecology (Planktonic),
var00697,Cyanobacteria (Chroococcus sp.),cells/mL,cells/mL,cells/mL,,,N/A,,,Ecology (Planktonic),
var00698,Cyanobacteria (Cyanodictyon sp.),cells/mL,cells/mL,cells/mL,,,N/A,,,Ecology (Planktonic),
var00699,Cyanobacteria (Dolichospermum sp.),cells/mL,cells/mL,cells/mL,,,N/A,,,Ecology (Planktonic),
var00700,Cyanobacteria (Geitlerinema sp.),cells/mL,cells/mL,cells/mL,,,N/A,,,Ecology (Planktonic),
var00701,Cyanobacteria (Gloeocapsa sp.),cells/mL,cells/mL,cells/mL,,,N/A,,,Ecology (Planktonic),
var00702,Cyanobacteria (Gloeothece sp.),cells/mL,cells/mL,cells/mL,,,N/A,,,Ecology (Planktonic),
var00703,Cyanobacteria (Merismopedia sp.,cells/mL,cells/mL,cells/mL,,,N/A,,,Ecology (Planktonic),
var00704,Cyanobacteria (Microcystis sp.),cells/mL,cells/mL,cells/mL,,,N/A,,,Ecology (Planktonic),
var00705,Cyanobacteria (Myxobaktron sp.),cells/mL,cells/mL,cells/mL,,,N/A,,,Ecology (Planktonic),
var00706,Cyanobacteria (NoID Cyanophyte),cells/mL,cells/mL,cells/mL,,,N/A,,,Ecology (Planktonic),
var00707,Cyanobacteria (Nodularia spumigena),cells/mL,cells/mL,cells/mL,,,N/A,,,Ecology (Planktonic),
var00708,Cyanobacteria (Phormidium sp.),cells/mL,cells/mL,cells/mL,,,N/A,,,Ecology (Planktonic),
var00709,Cyanobacteria (Pseudanabaena sp.),cells/mL,cells/mL,cells/mL,,,N/A,,,Ecology (Planktonic),
var00710,Cyanobacteria (Rhabdoderma sp.),cells/mL,cells/mL,cells/mL,,,N/A,,,Ecology (Planktonic),
var00711,Cyanobacteria (Rhabdogloea sp.),cells/mL,cells/mL,cells/mL,,,N/A,,,Ecology (Planktonic),
var00712,Cyanobacteria (Snowella sp.),cells/mL,cells/mL,cells/mL,,,N/A,,,Ecology (Planktonic),
var00713,Cyanobacteria (Synechococcus sp.),cells/mL,cells/mL,cells/mL,,,N/A,,,Ecology (Planktonic),
var00714,Cyanobacteria (Total Blue Green Algae),cells/mL,cells/mL,cells/mL,,,N/A,,,Ecology (Planktonic),
var00715,Dinophyta (Gymnodinium sp.),cells/mL,cells/mL,cells/mL,,,N/A,,,Ecology (Planktonic),
var00716,Dinophyta (Peridinium sp.),cells/mL,cells/mL,cells/mL,,,N/A,,,Ecology (Planktonic),
var00717,Total Dissolved Solids,mg/l,mg/l,mg/l,,,N/A,,,Sediment,
var00718,Equipment voltage,Volts,Volts,Volts,,,N/A,,,Others,
var00719,Euglenophyta (Euglena sp.),cells/mL,cells/mL,cells/mL,,,N/A,,,Ecology (Planktonic),
var00720,Euglenophyta (Phacus sp.),cells/mL,cells/mL,cells/mL,,,N/A,,,Ecology (Planktonic),
var00721,Euglenophyta (Trachelomonas sp.),cells/mL,cells/mL,cells/mL,,,N/A,,,Ecology (Planktonic),
var00722,Euglenozoa (Lepocinclis sp.),cells/mL,cells/mL,cells/mL,,,N/A,,,Ecology (Planktonic),
var00723,Fluoride,mg/l,mg/l,mg/l,,,N/A,,,Water Quality (Contaminants),
var00724,Dissolved Iron,mg/l,mg/l,mg/l,,,N/A,,,Water Quality (Contaminants),
var00725,Total Iron,mg/l,mg/l,mg/l,,,N/A,,,Water Quality (Contaminants),
var00726,Total Manganese,mg/l,mg/l,mg/l,,,N/A,,,Water Quality (Contaminants),
var00727,Total Mercury,mg/l,mg/l,mg/l,,,N/A,,,Water Quality (Contaminants),
var00728,Microcystin-LR Extracellular,ug/L,ug/L,ug/L,,,N/A,,,Ecology (Planktonic),
var00729,Microcystin-LR Intracellular,ug/L,ug/L,ug/L,,,N/A,,,Ecology (Planktonic),
var00730,Miozoa (Peridinium willei),cells/mL,cells/mL,cells/mL,,,N/A,,,Ecology (Planktonic),
var00731,Ochrophyta (Apedinella sp.),cells/mL,cells/mL,cells/mL,,,N/A,,,Ecology (Planktonic),
var00732,Ochrophyta (Chrysococcus sp.),cells/mL,cells/mL,cells/mL,,,N/A,,,Ecology (Planktonic),
var00733,Ochrophyta (Chrysosphaerella sp.),cells/mL,cells/mL,cells/mL,,,N/A,,,Ecology (Planktonic),
var00734,Ochrophyta (Epithemia sp.),cells/mL,cells/mL,cells/mL,,,N/A,,,Ecology (Planktonic),
var00735,Ochrophyta (Kephyrion sp.),cells/mL,cells/mL,cells/mL,,,N/A,,,Ecology (Planktonic),
var00736,Ochrophyta (Naegeliella sp.),cells/mL,cells/mL,cells/mL,,,N/A,,,Ecology (Planktonic),
var00737,Ochrophyta (Ochromonas sp.),cells/mL,cells/mL,cells/mL,,,N/A,,,Ecology (Planktonic),
var00738,Ochrophyta (Rhopalodia sp.),cells/mL,cells/mL,cells/mL,,,N/A,,,Ecology (Planktonic),
var00739,Ochrophyta (Spiniferomonas sp.),cells/mL,cells/mL,cells/mL,,,N/A,,,Ecology (Planktonic),
var00740,Ochrophyta (Surirella sp.),cells/mL,cells/mL,cells/mL,,,N/A,,,Ecology (Planktonic),
var00741,Ochrophyta (Uroglena sp.),cells/mL,cells/mL,cells/mL,,,N/A,,,Ecology (Planktonic),
var00742,Dissolved Organic Carbon,mg/l,mg/l,mg/l,,,N/A,,,Water Quality (Nutrient),
var00743,Dissolved Organic Carbon Non-Purgeable,mg/l,mg/l,mg/l,,,N/A,,,Water Quality (Nutrient),
var00744,Total Organic Carbon Non-Purgeable,mg/l,mg/l,mg/l,,,N/A,,,Water Quality (Nutrient),
var00745,Total Oxidised Nitrite and Nitrate,mg/L,mg/L,mg/L,,,N/A,,,Water Quality (Nutrient),
var00746,PAR omni-directional,¬µmol photons/m¬≤/sec,¬µmol photons/m¬≤/sec,¬µmol photons/m¬≤/sec,,,N/A,,,Others,
var00747,Total Reactive Phosphorus,mg/l,mg/l,mg/l,,,N/A,,,Water Quality (Nutrient),
var00748,Redox US Stnd Oxid,mV,mV,mV,,,N/A,,,Others,
var00749,Filtered Sample Volume,Millilitres,Millilitres,Millilitres,,,N/A,,,Others,
var00750,Total Sulphate,mg/l,mg/l,mg/l,,,N/A,,,Water Quality (Nutrient),
var00751,Filtered Turbidity,FTU,FTU,FTU,,,N/A,,,Sediment,
var00752,Unidentified Chrysophyte,cells/mL,cells/mL,cells/mL,,,N/A,,,Ecology (Planktonic),
var00753,Unidentified chlorophyte,cells/mL,cells/mL,cells/mL,,,N/A,,,Ecology (Planktonic),
var00754,Unidentified filamentous cyanobacteria,cells/mL,cells/mL,cells/mL,,,N/A,,,Ecology (Planktonic),
var00755,Unidentified phytoflagellate,cells/mL,cells/mL,cells/mL,,,N/A,,,Ecology (Planktonic),
var00756,Unidentified pico cyanobacteria,cells/mL,cells/mL,cells/mL,,,N/A,,,Ecology (Planktonic),
var00757,Unidentified round green cells,cells/mL,cells/mL,cells/mL,,,N/A,,,Ecology (Planktonic),
var00758,Unidentified uniflagellate,cells/mL,cells/mL,cells/mL,,,N/A,,,Ecology (Planktonic),
var00759,Water Surface Condition,,,,,,N/A,,,Hydrodynamics,
var00760,Bacillariophyta (Amphora sp.),cells/mL,cells/mL,cells/mL,,,N/A,,,Ecology (Planktonic),
var00761,Bacillariophyta (Tabellaria flocculosa),cells/mL,cells/mL,cells/mL,,,N/A,,,Ecology (Planktonic),
var00762,Cyanobacteria (Aphanizomenon sp.),cells/mL,cells/mL,cells/mL,,,N/A,,,Ecology (Planktonic),
var00763,Ochrophyta (Ophiocytiaceae sp.),cells/mL,cells/mL,cells/mL,,,N/A,,,Ecology (Planktonic),
var00764,PAR uni-directional in water,¬µmol photons/m¬≤/sec,¬µmol photons/m¬≤/sec,¬µmol photons/m¬≤/sec,,,N/A,,,Light,
var00765,Sample bottles,units,units,units,,,,,,Others,
var00766,Phyco,,,,,,,,,Others,