Date and time,Conductivity @ TRef 25 (uS/cm (25 TRef)),Quality,Interpolation type,Remarks
,,,,Disclaimer
,,,,Use of the information and data contained within this file is at your sole risk.
,,,,"The data is telemetered data, which is transmitted and published by automatic processes."
,,,,"The data is unchecked and may not be accurate, current or complete and it may contain errors."
,,,,Hydro Tasmania:
,,,,"  . makes no representations, either expressed or implied, as to the accuracy of the information and data contained in this file"
,,,,  . accepts no liability however arising for any loss resulting from the use of the information and data in this file or reliance placed on it; and
,,,,"  . makes no representations, either expressed or implied, as to the suitability of the said information and data for any particular purpose."
,,,,
,,,,Copyright 2014 Hydro Electric Corporation.
,,,,No part of this data may be copied to third parties without the
,,,,specific written consent of Hydro Tasmania.
,,,,Time-series interpolation types
,,,,"  InstVal = Instantaneous Value, linear interpolation between observations. For example continuous watercourse level."
,,,,  PrecVal = Preceeding period average value. For example daily avergae flow for the 1st day of Jan 2012 would have timestamp 02/01/2012 00:00
,,,,  PrecMax = Preceding period maximum value. For example maximum weekly watercourse discharge
,,,,  PrecMin = Preceding period minimum value. For example daily minimum temperature
,,,,  PrecTot = Preceding period total value. For example daily total rainfall for the 1st day of Jan 2012 would have date stamp 02/01/2012 00:00
,,,,"  InstTot = Instantaneous total, total value that ocurred at an event"
,,,,"  NoJoin  = Discontinuous value, collection occurs infrequently and interpolation or integration not possible"
,,,,"  SuccVal = Succeeding period Value, value holds until changed"
,,,,  PrecDir = Preceding period directional value.  For example wind direction
,,,,site = WOODS LAKE
,,,,location = WHMS W1 - IFC W1
,,,,latitude =  -42:04:52.1
,,,,longitude =  146:59:07.8
,,,,Property = Conductivity @ TRef 25
,,,,Units Of Measure = uS/cm (25 TRef)
,,,,Source time-series identifier = 462.8/141.01/1
,,,,Source time-series identifier = 462.8/141.01/1
,,,,time-series transformations = Aggregate(Daily)
,,,,time-series qualifiers = 
,,,,time-series source driver = ProcSrc
,,,,export Script = '\\TSMFILE_PROD\TIMESTUDIO\USR\SCRIPTS\textDataOutput\TextPublishDriver.tss'
,,,,exported  by = 'DeHoogM'
,,,,export date time = 2014-03-25 09:26:31
,,,,
17-07-2008 00:00,,missing data,PrecVal,
18-07-2008 00:00,55.84,unverified data,PrecVal,
19-07-2008 00:00,56.24,unverified data,PrecVal,
20-07-2008 00:00,57.96,unverified data,PrecVal,
21-07-2008 00:00,57.4,unverified data,PrecVal,
22-07-2008 00:00,56.13,unverified data,PrecVal,
23-07-2008 00:00,56.53,unverified data,PrecVal,
24-07-2008 00:00,56.91,unverified data,PrecVal,
25-07-2008 00:00,56.98,unverified data,PrecVal,
26-07-2008 00:00,53.4,unverified data,PrecVal,
27-07-2008 00:00,54.23,unverified data,PrecVal,
28-07-2008 00:00,52.81,unverified data,PrecVal,
29-07-2008 00:00,56.08,unverified data,PrecVal,
30-07-2008 00:00,56.32,unverified data,PrecVal,
31-07-2008 00:00,56.89,unverified data,PrecVal,
01-08-2008 00:00,57.57,unverified data,PrecVal,
02-08-2008 00:00,57.5,unverified data,PrecVal,
03-08-2008 00:00,57.72,unverified data,PrecVal,
04-08-2008 00:00,57.73,unverified data,PrecVal,
05-08-2008 00:00,57.83,unverified data,PrecVal,
06-08-2008 00:00,57.84,unverified data,PrecVal,
07-08-2008 00:00,57.81,unverified data,PrecVal,
08-08-2008 00:00,58.03,unverified data,PrecVal,
09-08-2008 00:00,57.89,unverified data,PrecVal,
10-08-2008 00:00,57.37,unverified data,PrecVal,
11-08-2008 00:00,57.86,unverified data,PrecVal,
12-08-2008 00:00,57.65,unverified data,PrecVal,
13-08-2008 00:00,57.23,unverified data,PrecVal,
14-08-2008 00:00,56.47,unverified data,PrecVal,
15-08-2008 00:00,56.37,unverified data,PrecVal,
16-08-2008 00:00,56.43,unverified data,PrecVal,
17-08-2008 00:00,56.56,unverified data,PrecVal,
18-08-2008 00:00,56.77,unverified data,PrecVal,
19-08-2008 00:00,56.79,unverified data,PrecVal,
20-08-2008 00:00,55.07,unverified data,PrecVal,
21-08-2008 00:00,56.08,unverified data,PrecVal,
22-08-2008 00:00,55.8,unverified data,PrecVal,
23-08-2008 00:00,56.43,unverified data,PrecVal,
24-08-2008 00:00,56.28,unverified data,PrecVal,
25-08-2008 00:00,56.53,unverified data,PrecVal,
26-08-2008 00:00,56.86,unverified data,PrecVal,
27-08-2008 00:00,56.74,unverified data,PrecVal,
28-08-2008 00:00,56.45,unverified data,PrecVal,
29-08-2008 00:00,56.65,unverified data,PrecVal,
30-08-2008 00:00,55.97,unverified data,PrecVal,
31-08-2008 00:00,56.55,unverified data,PrecVal,
01-09-2008 00:00,56.39,unverified data,PrecVal,
02-09-2008 00:00,56.41,unverified data,PrecVal,
03-09-2008 00:00,56.4,unverified data,PrecVal,
04-09-2008 00:00,56.36,unverified data,PrecVal,
05-09-2008 00:00,56.13,unverified data,PrecVal,
06-09-2008 00:00,56.57,unverified data,PrecVal,
07-09-2008 00:00,56.5,unverified data,PrecVal,
08-09-2008 00:00,56.56,unverified data,PrecVal,
09-09-2008 00:00,56.62,unverified data,PrecVal,
10-09-2008 00:00,56.72,unverified data,PrecVal,
11-09-2008 00:00,56.75,unverified data,PrecVal,
12-09-2008 00:00,56.72,unverified data,PrecVal,
13-09-2008 00:00,56.52,unverified data,PrecVal,
14-09-2008 00:00,56.57,unverified data,PrecVal,
15-09-2008 00:00,56.55,unverified data,PrecVal,
16-09-2008 00:00,56.26,unverified data,PrecVal,
17-09-2008 00:00,55.78,unverified data,PrecVal,
18-09-2008 00:00,55.71,unverified data,PrecVal,
19-09-2008 00:00,55.73,unverified data,PrecVal,
20-09-2008 00:00,55.7,unverified data,PrecVal,
21-09-2008 00:00,55.71,unverified data,PrecVal,
22-09-2008 00:00,55.72,unverified data,PrecVal,
23-09-2008 00:00,55.51,unverified data,PrecVal,
24-09-2008 00:00,55.19,unverified data,PrecVal,
25-09-2008 00:00,54.38,unverified data,PrecVal,
26-09-2008 00:00,55.38,unverified data,PrecVal,
27-09-2008 00:00,54.95,unverified data,PrecVal,
28-09-2008 00:00,55.08,unverified data,PrecVal,
29-09-2008 00:00,54.9,unverified data,PrecVal,
30-09-2008 00:00,54.77,unverified data,PrecVal,
01-10-2008 00:00,54.57,unverified data,PrecVal,
02-10-2008 00:00,55.2,unverified data,PrecVal,
03-10-2008 00:00,55.16,unverified data,PrecVal,
04-10-2008 00:00,55.23,unverified data,PrecVal,
05-10-2008 00:00,54.74,unverified data,PrecVal,
06-10-2008 00:00,54.73,unverified data,PrecVal,
07-10-2008 00:00,54.7,unverified data,PrecVal,
08-10-2008 00:00,54.85,unverified data,PrecVal,
09-10-2008 00:00,,missing data,PrecVal,
10-10-2008 00:00,,missing data,PrecVal,
11-10-2008 00:00,,missing data,PrecVal,
12-10-2008 00:00,,missing data,PrecVal,
13-10-2008 00:00,,missing data,PrecVal,
14-10-2008 00:00,,missing data,PrecVal,
15-10-2008 00:00,,missing data,PrecVal,
16-10-2008 00:00,,missing data,PrecVal,
17-10-2008 00:00,,missing data,PrecVal,
18-10-2008 00:00,,missing data,PrecVal,
19-10-2008 00:00,,missing data,PrecVal,
20-10-2008 00:00,,missing data,PrecVal,
21-10-2008 00:00,,missing data,PrecVal,
22-10-2008 00:00,,missing data,PrecVal,
23-10-2008 00:00,,missing data,PrecVal,
24-10-2008 00:00,,missing data,PrecVal,
25-10-2008 00:00,,missing data,PrecVal,
26-10-2008 00:00,,missing data,PrecVal,
27-10-2008 00:00,,missing data,PrecVal,
28-10-2008 00:00,,missing data,PrecVal,
29-10-2008 00:00,,missing data,PrecVal,
30-10-2008 00:00,,missing data,PrecVal,
31-10-2008 00:00,,missing data,PrecVal,
01-11-2008 00:00,,missing data,PrecVal,
02-11-2008 00:00,,missing data,PrecVal,
03-11-2008 00:00,,missing data,PrecVal,
04-11-2008 00:00,,missing data,PrecVal,
05-11-2008 00:00,,missing data,PrecVal,
06-11-2008 00:00,,missing data,PrecVal,
07-11-2008 00:00,,missing data,PrecVal,
08-11-2008 00:00,,missing data,PrecVal,
09-11-2008 00:00,,missing data,PrecVal,
10-11-2008 00:00,,missing data,PrecVal,
11-11-2008 00:00,,missing data,PrecVal,
12-11-2008 00:00,,missing data,PrecVal,
13-11-2008 00:00,,missing data,PrecVal,
14-11-2008 00:00,,missing data,PrecVal,
15-11-2008 00:00,,missing data,PrecVal,
16-11-2008 00:00,,missing data,PrecVal,
17-11-2008 00:00,,missing data,PrecVal,
18-11-2008 00:00,,missing data,PrecVal,
19-11-2008 00:00,,missing data,PrecVal,
20-11-2008 00:00,,missing data,PrecVal,
21-11-2008 00:00,,missing data,PrecVal,
22-11-2008 00:00,,missing data,PrecVal,
23-11-2008 00:00,,missing data,PrecVal,
24-11-2008 00:00,,missing data,PrecVal,
25-11-2008 00:00,,missing data,PrecVal,
26-11-2008 00:00,,missing data,PrecVal,
27-11-2008 00:00,,missing data,PrecVal,
28-11-2008 00:00,,missing data,PrecVal,
29-11-2008 00:00,,missing data,PrecVal,
30-11-2008 00:00,,missing data,PrecVal,
01-12-2008 00:00,,missing data,PrecVal,
02-12-2008 00:00,,missing data,PrecVal,
03-12-2008 00:00,,missing data,PrecVal,
04-12-2008 00:00,,missing data,PrecVal,
05-12-2008 00:00,,missing data,PrecVal,
06-12-2008 00:00,,missing data,PrecVal,
07-12-2008 00:00,,missing data,PrecVal,
08-12-2008 00:00,,missing data,PrecVal,
09-12-2008 00:00,,missing data,PrecVal,
10-12-2008 00:00,,missing data,PrecVal,
11-12-2008 00:00,,missing data,PrecVal,
12-12-2008 00:00,,missing data,PrecVal,
13-12-2008 00:00,,missing data,PrecVal,
14-12-2008 00:00,,missing data,PrecVal,
15-12-2008 00:00,,missing data,PrecVal,
16-12-2008 00:00,,missing data,PrecVal,
17-12-2008 00:00,,missing data,PrecVal,
18-12-2008 00:00,,missing data,PrecVal,
19-12-2008 00:00,,missing data,PrecVal,
20-12-2008 00:00,,missing data,PrecVal,
21-12-2008 00:00,,missing data,PrecVal,
22-12-2008 00:00,,missing data,PrecVal,
23-12-2008 00:00,,missing data,PrecVal,
24-12-2008 00:00,,missing data,PrecVal,
25-12-2008 00:00,59.03,unverified data,PrecVal,
26-12-2008 00:00,58.93,unverified data,PrecVal,
27-12-2008 00:00,59.1,unverified data,PrecVal,
28-12-2008 00:00,59.1,unverified data,PrecVal,
29-12-2008 00:00,59.29,unverified data,PrecVal,
30-12-2008 00:00,59.25,unverified data,PrecVal,
31-12-2008 00:00,59.33,unverified data,PrecVal,
01-01-2009 00:00,59.19,unverified data,PrecVal,
02-01-2009 00:00,59.2,unverified data,PrecVal,
03-01-2009 00:00,59.22,unverified data,PrecVal,
04-01-2009 00:00,59.09,unverified data,PrecVal,
05-01-2009 00:00,59.32,unverified data,PrecVal,
06-01-2009 00:00,59.44,unverified data,PrecVal,
07-01-2009 00:00,59.59,unverified data,PrecVal,
08-01-2009 00:00,59.88,unverified data,PrecVal,
09-01-2009 00:00,59.89,unverified data,PrecVal,
10-01-2009 00:00,59.89,unverified data,PrecVal,
11-01-2009 00:00,60.05,unverified data,PrecVal,
12-01-2009 00:00,60.27,unverified data,PrecVal,
13-01-2009 00:00,60.43,unverified data,PrecVal,
14-01-2009 00:00,60.55,unverified data,PrecVal,
15-01-2009 00:00,60.79,unverified data,PrecVal,
16-01-2009 00:00,61.02,unverified data,PrecVal,
17-01-2009 00:00,60.92,unverified data,PrecVal,
18-01-2009 00:00,60.73,unverified data,PrecVal,
19-01-2009 00:00,61.06,unverified data,PrecVal,
20-01-2009 00:00,61.18,unverified data,PrecVal,
21-01-2009 00:00,61.37,unverified data,PrecVal,
22-01-2009 00:00,61.53,unverified data,PrecVal,
23-01-2009 00:00,61.58,unverified data,PrecVal,
24-01-2009 00:00,61.51,unverified data,PrecVal,
25-01-2009 00:00,61.54,unverified data,PrecVal,
26-01-2009 00:00,61.64,unverified data,PrecVal,
27-01-2009 00:00,61.87,unverified data,PrecVal,
28-01-2009 00:00,62.05,unverified data,PrecVal,
29-01-2009 00:00,62.21,unverified data,PrecVal,
30-01-2009 00:00,62.39,unverified data,PrecVal,
31-01-2009 00:00,62.71,unverified data,PrecVal,
01-02-2009 00:00,63.01,unverified data,PrecVal,
02-02-2009 00:00,63.18,unverified data,PrecVal,
03-02-2009 00:00,63.05,unverified data,PrecVal,
04-02-2009 00:00,63.07,unverified data,PrecVal,
05-02-2009 00:00,63.24,unverified data,PrecVal,
06-02-2009 00:00,63.42,unverified data,PrecVal,
07-02-2009 00:00,63.52,unverified data,PrecVal,
08-02-2009 00:00,63.6,unverified data,PrecVal,
09-02-2009 00:00,63.63,unverified data,PrecVal,
10-02-2009 00:00,63.66,unverified data,PrecVal,
11-02-2009 00:00,63.69,unverified data,PrecVal,
12-02-2009 00:00,63.68,unverified data,PrecVal,
13-02-2009 00:00,63.69,unverified data,PrecVal,
14-02-2009 00:00,63.76,unverified data,PrecVal,
15-02-2009 00:00,63.77,unverified data,PrecVal,
16-02-2009 00:00,63.98,unverified data,PrecVal,
17-02-2009 00:00,64,unverified data,PrecVal,
18-02-2009 00:00,64.2,unverified data,PrecVal,
19-02-2009 00:00,64.32,unverified data,PrecVal,
20-02-2009 00:00,64.47,unverified data,PrecVal,
21-02-2009 00:00,64.38,unverified data,PrecVal,
22-02-2009 00:00,64.17,unverified data,PrecVal,
23-02-2009 00:00,64.24,unverified data,PrecVal,
24-02-2009 00:00,64.43,unverified data,PrecVal,
25-02-2009 00:00,64.25,unverified data,PrecVal,
26-02-2009 00:00,64.01,unverified data,PrecVal,
27-02-2009 00:00,64.19,unverified data,PrecVal,
28-02-2009 00:00,64.3,unverified data,PrecVal,
01-03-2009 00:00,64.34,unverified data,PrecVal,
02-03-2009 00:00,64.34,unverified data,PrecVal,
03-03-2009 00:00,64.48,unverified data,PrecVal,
04-03-2009 00:00,64.42,unverified data,PrecVal,
05-03-2009 00:00,64,unverified data,PrecVal,
06-03-2009 00:00,63.21,unverified data,PrecVal,
07-03-2009 00:00,63.19,unverified data,PrecVal,
08-03-2009 00:00,63.37,unverified data,PrecVal,
09-03-2009 00:00,63.18,unverified data,PrecVal,
10-03-2009 00:00,63.41,unverified data,PrecVal,
11-03-2009 00:00,63.52,unverified data,PrecVal,
12-03-2009 00:00,63.58,unverified data,PrecVal,
13-03-2009 00:00,63.82,unverified data,PrecVal,
14-03-2009 00:00,63.95,unverified data,PrecVal,
15-03-2009 00:00,63.94,unverified data,PrecVal,
16-03-2009 00:00,63.78,unverified data,PrecVal,
17-03-2009 00:00,63.48,unverified data,PrecVal,
18-03-2009 00:00,63.62,unverified data,PrecVal,
19-03-2009 00:00,63.71,unverified data,PrecVal,
20-03-2009 00:00,63.7,unverified data,PrecVal,
21-03-2009 00:00,63.81,unverified data,PrecVal,
22-03-2009 00:00,63.91,unverified data,PrecVal,
23-03-2009 00:00,64.01,unverified data,PrecVal,
24-03-2009 00:00,64.06,unverified data,PrecVal,
25-03-2009 00:00,64.17,unverified data,PrecVal,
26-03-2009 00:00,64.31,unverified data,PrecVal,
27-03-2009 00:00,64.13,unverified data,PrecVal,
28-03-2009 00:00,,missing data,PrecVal,
29-03-2009 00:00,,missing data,PrecVal,
30-03-2009 00:00,,missing data,PrecVal,
31-03-2009 00:00,,missing data,PrecVal,
01-04-2009 00:00,,missing data,PrecVal,
02-04-2009 00:00,,missing data,PrecVal,
03-04-2009 00:00,,missing data,PrecVal,
04-04-2009 00:00,63.87,unverified data,PrecVal,
05-04-2009 00:00,63.79,unverified data,PrecVal,
06-04-2009 00:00,63.72,unverified data,PrecVal,
07-04-2009 00:00,63.59,unverified data,PrecVal,
08-04-2009 00:00,63.47,unverified data,PrecVal,
09-04-2009 00:00,63.5,unverified data,PrecVal,
10-04-2009 00:00,63.54,unverified data,PrecVal,
11-04-2009 00:00,63.61,unverified data,PrecVal,
12-04-2009 00:00,63.76,unverified data,PrecVal,
13-04-2009 00:00,63.79,unverified data,PrecVal,
14-04-2009 00:00,63.84,unverified data,PrecVal,
15-04-2009 00:00,63.85,unverified data,PrecVal,
16-04-2009 00:00,63.65,unverified data,PrecVal,
17-04-2009 00:00,63.4,unverified data,PrecVal,
18-04-2009 00:00,63.49,unverified data,PrecVal,
19-04-2009 00:00,63.54,unverified data,PrecVal,
20-04-2009 00:00,63.42,unverified data,PrecVal,
21-04-2009 00:00,63.55,unverified data,PrecVal,
22-04-2009 00:00,63.58,unverified data,PrecVal,
23-04-2009 00:00,63.63,unverified data,PrecVal,
24-04-2009 00:00,63.63,unverified data,PrecVal,
25-04-2009 00:00,63.61,unverified data,PrecVal,
26-04-2009 00:00,63.43,unverified data,PrecVal,
27-04-2009 00:00,63.18,unverified data,PrecVal,
28-04-2009 00:00,62.71,unverified data,PrecVal,
29-04-2009 00:00,62.87,unverified data,PrecVal,
30-04-2009 00:00,62.8,unverified data,PrecVal,
01-05-2009 00:00,62.72,unverified data,PrecVal,
02-05-2009 00:00,62.74,unverified data,PrecVal,
03-05-2009 00:00,62.74,unverified data,PrecVal,
04-05-2009 00:00,62.82,unverified data,PrecVal,
05-05-2009 00:00,62.82,unverified data,PrecVal,
06-05-2009 00:00,62.82,unverified data,PrecVal,
07-05-2009 00:00,62.68,unverified data,PrecVal,
08-05-2009 00:00,62.8,unverified data,PrecVal,
09-05-2009 00:00,62.82,unverified data,PrecVal,
10-05-2009 00:00,62.85,unverified data,PrecVal,
11-05-2009 00:00,63.02,unverified data,PrecVal,
12-05-2009 00:00,63.34,unverified data,PrecVal,
13-05-2009 00:00,63.05,unverified data,PrecVal,
14-05-2009 00:00,62.86,unverified data,PrecVal,
15-05-2009 00:00,62.77,unverified data,PrecVal,
16-05-2009 00:00,62.73,unverified data,PrecVal,
17-05-2009 00:00,62.32,unverified data,PrecVal,
18-05-2009 00:00,62.21,unverified data,PrecVal,
19-05-2009 00:00,62.29,unverified data,PrecVal,
20-05-2009 00:00,62.39,unverified data,PrecVal,
21-05-2009 00:00,62.37,unverified data,PrecVal,
22-05-2009 00:00,62.34,unverified data,PrecVal,
23-05-2009 00:00,62.35,unverified data,PrecVal,
24-05-2009 00:00,62.39,unverified data,PrecVal,
25-05-2009 00:00,62.23,unverified data,PrecVal,
26-05-2009 00:00,62.14,unverified data,PrecVal,
27-05-2009 00:00,62.11,unverified data,PrecVal,
28-05-2009 00:00,61.86,unverified data,PrecVal,
29-05-2009 00:00,61.53,unverified data,PrecVal,
30-05-2009 00:00,61.55,unverified data,PrecVal,
31-05-2009 00:00,61.58,unverified data,PrecVal,
01-06-2009 00:00,61.54,unverified data,PrecVal,
02-06-2009 00:00,61.76,unverified data,PrecVal,
03-06-2009 00:00,61.71,unverified data,PrecVal,
04-06-2009 00:00,61.64,unverified data,PrecVal,
05-06-2009 00:00,61.4,unverified data,PrecVal,
06-06-2009 00:00,61.17,unverified data,PrecVal,
07-06-2009 00:00,61.06,unverified data,PrecVal,
08-06-2009 00:00,61.06,unverified data,PrecVal,
09-06-2009 00:00,60.94,unverified data,PrecVal,
10-06-2009 00:00,60.83,unverified data,PrecVal,
11-06-2009 00:00,60.65,unverified data,PrecVal,
12-06-2009 00:00,60.7,unverified data,PrecVal,
13-06-2009 00:00,60.92,unverified data,PrecVal,
14-06-2009 00:00,60.76,unverified data,PrecVal,
15-06-2009 00:00,60.59,unverified data,PrecVal,
16-06-2009 00:00,60.56,unverified data,PrecVal,
17-06-2009 00:00,60.65,unverified data,PrecVal,
18-06-2009 00:00,60.67,unverified data,PrecVal,
19-06-2009 00:00,60.62,unverified data,PrecVal,
20-06-2009 00:00,60.59,unverified data,PrecVal,
21-06-2009 00:00,60.75,unverified data,PrecVal,
22-06-2009 00:00,60.47,unverified data,PrecVal,
23-06-2009 00:00,60.6,unverified data,PrecVal,
24-06-2009 00:00,60.66,unverified data,PrecVal,
25-06-2009 00:00,60.76,unverified data,PrecVal,
26-06-2009 00:00,60.45,unverified data,PrecVal,
27-06-2009 00:00,59.82,unverified data,PrecVal,
28-06-2009 00:00,60.01,unverified data,PrecVal,
29-06-2009 00:00,59.93,unverified data,PrecVal,
30-06-2009 00:00,59.62,unverified data,PrecVal,
01-07-2009 00:00,59.64,unverified data,PrecVal,
02-07-2009 00:00,59.63,unverified data,PrecVal,
03-07-2009 00:00,59.5,unverified data,PrecVal,
04-07-2009 00:00,58.94,unverified data,PrecVal,
05-07-2009 00:00,58.83,unverified data,PrecVal,
06-07-2009 00:00,58.33,unverified data,PrecVal,
07-07-2009 00:00,58.32,unverified data,PrecVal,
08-07-2009 00:00,58.17,unverified data,PrecVal,
09-07-2009 00:00,58.54,unverified data,PrecVal,
10-07-2009 00:00,58.34,unverified data,PrecVal,
11-07-2009 00:00,58.51,unverified data,PrecVal,
12-07-2009 00:00,58.48,unverified data,PrecVal,
13-07-2009 00:00,58.14,unverified data,PrecVal,
14-07-2009 00:00,58.11,unverified data,PrecVal,
15-07-2009 00:00,57.98,unverified data,PrecVal,
16-07-2009 00:00,58.02,unverified data,PrecVal,
17-07-2009 00:00,58.04,unverified data,PrecVal,
18-07-2009 00:00,58.1,unverified data,PrecVal,
19-07-2009 00:00,58.06,unverified data,PrecVal,
20-07-2009 00:00,58.06,unverified data,PrecVal,
21-07-2009 00:00,57.95,unverified data,PrecVal,
22-07-2009 00:00,57.82,unverified data,PrecVal,
23-07-2009 00:00,57.42,unverified data,PrecVal,
24-07-2009 00:00,57.44,unverified data,PrecVal,
25-07-2009 00:00,57.38,unverified data,PrecVal,
26-07-2009 00:00,57.73,unverified data,PrecVal,
27-07-2009 00:00,57.63,unverified data,PrecVal,
28-07-2009 00:00,57.63,unverified data,PrecVal,
29-07-2009 00:00,57.59,unverified data,PrecVal,
30-07-2009 00:00,57.22,unverified data,PrecVal,
31-07-2009 00:00,57.51,unverified data,PrecVal,
01-08-2009 00:00,57.43,unverified data,PrecVal,
02-08-2009 00:00,57.54,unverified data,PrecVal,
03-08-2009 00:00,57.54,unverified data,PrecVal,
04-08-2009 00:00,57.3,unverified data,PrecVal,
05-08-2009 00:00,57.2,unverified data,PrecVal,
06-08-2009 00:00,56.87,unverified data,PrecVal,
07-08-2009 00:00,57.23,unverified data,PrecVal,
08-08-2009 00:00,57.22,unverified data,PrecVal,
09-08-2009 00:00,57.19,unverified data,PrecVal,
10-08-2009 00:00,57.14,unverified data,PrecVal,
11-08-2009 00:00,57.12,unverified data,PrecVal,
12-08-2009 00:00,57.06,unverified data,PrecVal,
13-08-2009 00:00,56.96,unverified data,PrecVal,
14-08-2009 00:00,56.91,unverified data,PrecVal,
15-08-2009 00:00,56.72,unverified data,PrecVal,
16-08-2009 00:00,56.79,unverified data,PrecVal,
17-08-2009 00:00,56.8,unverified data,PrecVal,
18-08-2009 00:00,56.74,unverified data,PrecVal,
19-08-2009 00:00,56.73,unverified data,PrecVal,
20-08-2009 00:00,56.64,unverified data,PrecVal,
21-08-2009 00:00,56.66,unverified data,PrecVal,
22-08-2009 00:00,56.47,unverified data,PrecVal,
23-08-2009 00:00,56.31,unverified data,PrecVal,
24-08-2009 00:00,56.04,unverified data,PrecVal,
25-08-2009 00:00,56.05,unverified data,PrecVal,
26-08-2009 00:00,55.91,unverified data,PrecVal,
27-08-2009 00:00,55.79,unverified data,PrecVal,
28-08-2009 00:00,55.58,unverified data,PrecVal,
29-08-2009 00:00,55.48,unverified data,PrecVal,
30-08-2009 00:00,55.51,unverified data,PrecVal,
31-08-2009 00:00,54.7,unverified data,PrecVal,
01-09-2009 00:00,54.42,unverified data,PrecVal,
02-09-2009 00:00,53.99,unverified data,PrecVal,
03-09-2009 00:00,55.18,unverified data,PrecVal,
04-09-2009 00:00,54.99,unverified data,PrecVal,
05-09-2009 00:00,54.95,unverified data,PrecVal,
06-09-2009 00:00,55.02,unverified data,PrecVal,
07-09-2009 00:00,54.83,unverified data,PrecVal,
08-09-2009 00:00,55.05,unverified data,PrecVal,
09-09-2009 00:00,54.69,unverified data,PrecVal,
10-09-2009 00:00,54.71,unverified data,PrecVal,
11-09-2009 00:00,54.42,unverified data,PrecVal,
12-09-2009 00:00,54.61,unverified data,PrecVal,
13-09-2009 00:00,54.64,unverified data,PrecVal,
14-09-2009 00:00,54.66,unverified data,PrecVal,
15-09-2009 00:00,54.48,unverified data,PrecVal,
16-09-2009 00:00,54.59,unverified data,PrecVal,
17-09-2009 00:00,54.61,unverified data,PrecVal,
18-09-2009 00:00,54.58,unverified data,PrecVal,
19-09-2009 00:00,54.52,unverified data,PrecVal,
20-09-2009 00:00,54.68,unverified data,PrecVal,
21-09-2009 00:00,54.74,unverified data,PrecVal,
22-09-2009 00:00,54.75,unverified data,PrecVal,
23-09-2009 00:00,54.69,unverified data,PrecVal,
24-09-2009 00:00,54.4,unverified data,PrecVal,
25-09-2009 00:00,54.42,unverified data,PrecVal,
26-09-2009 00:00,54.31,unverified data,PrecVal,
27-09-2009 00:00,54.16,unverified data,PrecVal,
28-09-2009 00:00,53.87,unverified data,PrecVal,
29-09-2009 00:00,53.43,unverified data,PrecVal,
30-09-2009 00:00,53.62,unverified data,PrecVal,
01-10-2009 00:00,53.36,unverified data,PrecVal,
02-10-2009 00:00,53.51,unverified data,PrecVal,
03-10-2009 00:00,53.09,unverified data,PrecVal,
04-10-2009 00:00,53.51,unverified data,PrecVal,
05-10-2009 00:00,53.5,unverified data,PrecVal,
06-10-2009 00:00,53.57,unverified data,PrecVal,
07-10-2009 00:00,53.63,unverified data,PrecVal,
08-10-2009 00:00,53.62,unverified data,PrecVal,
09-10-2009 00:00,53.63,unverified data,PrecVal,
10-10-2009 00:00,53.63,unverified data,PrecVal,
11-10-2009 00:00,53.56,unverified data,PrecVal,
12-10-2009 00:00,53.63,unverified data,PrecVal,
13-10-2009 00:00,53.78,unverified data,PrecVal,
14-10-2009 00:00,53.84,unverified data,PrecVal,
15-10-2009 00:00,53.85,unverified data,PrecVal,
16-10-2009 00:00,53.93,unverified data,PrecVal,
17-10-2009 00:00,54,unverified data,PrecVal,
18-10-2009 00:00,53.91,unverified data,PrecVal,
19-10-2009 00:00,54.01,unverified data,PrecVal,
20-10-2009 00:00,53.94,unverified data,PrecVal,
21-10-2009 00:00,54.04,unverified data,PrecVal,
22-10-2009 00:00,54.11,unverified data,PrecVal,
23-10-2009 00:00,54.29,unverified data,PrecVal,
24-10-2009 00:00,54.37,unverified data,PrecVal,
25-10-2009 00:00,54.52,unverified data,PrecVal,
26-10-2009 00:00,54.5,unverified data,PrecVal,
27-10-2009 00:00,54.55,unverified data,PrecVal,
28-10-2009 00:00,54.72,unverified data,PrecVal,
29-10-2009 00:00,54.79,unverified data,PrecVal,
30-10-2009 00:00,54.95,unverified data,PrecVal,
31-10-2009 00:00,54.95,unverified data,PrecVal,
01-11-2009 00:00,55.14,unverified data,PrecVal,
02-11-2009 00:00,55.32,unverified data,PrecVal,
03-11-2009 00:00,55.48,unverified data,PrecVal,
04-11-2009 00:00,55.36,unverified data,PrecVal,
05-11-2009 00:00,55.4,unverified data,PrecVal,
06-11-2009 00:00,55.46,unverified data,PrecVal,
07-11-2009 00:00,55.49,unverified data,PrecVal,
08-11-2009 00:00,55.66,unverified data,PrecVal,
09-11-2009 00:00,55.9,unverified data,PrecVal,
10-11-2009 00:00,56.1,unverified data,PrecVal,
11-11-2009 00:00,56.27,unverified data,PrecVal,
12-11-2009 00:00,56.43,unverified data,PrecVal,
13-11-2009 00:00,56.45,unverified data,PrecVal,
14-11-2009 00:00,56.49,unverified data,PrecVal,
15-11-2009 00:00,56.74,unverified data,PrecVal,
16-11-2009 00:00,56.89,unverified data,PrecVal,
17-11-2009 00:00,56.91,unverified data,PrecVal,
18-11-2009 00:00,57,unverified data,PrecVal,
19-11-2009 00:00,57.07,unverified data,PrecVal,
20-11-2009 00:00,57.22,unverified data,PrecVal,
21-11-2009 00:00,57.3,unverified data,PrecVal,
22-11-2009 00:00,57.39,unverified data,PrecVal,
23-11-2009 00:00,57.29,unverified data,PrecVal,
24-11-2009 00:00,57.27,unverified data,PrecVal,
25-11-2009 00:00,57.39,unverified data,PrecVal,
26-11-2009 00:00,57.51,unverified data,PrecVal,
27-11-2009 00:00,57.58,unverified data,PrecVal,
28-11-2009 00:00,57.59,unverified data,PrecVal,
29-11-2009 00:00,57.41,unverified data,PrecVal,
30-11-2009 00:00,57.29,unverified data,PrecVal,
01-12-2009 00:00,57.18,unverified data,PrecVal,
02-12-2009 00:00,57.23,unverified data,PrecVal,
03-12-2009 00:00,57.39,unverified data,PrecVal,
04-12-2009 00:00,57.42,unverified data,PrecVal,
05-12-2009 00:00,57.33,unverified data,PrecVal,
06-12-2009 00:00,57.4,unverified data,PrecVal,
07-12-2009 00:00,57.46,unverified data,PrecVal,
08-12-2009 00:00,57.47,unverified data,PrecVal,
09-12-2009 00:00,57.6,unverified data,PrecVal,
10-12-2009 00:00,57.57,unverified data,PrecVal,
11-12-2009 00:00,57.56,unverified data,PrecVal,
12-12-2009 00:00,57.56,unverified data,PrecVal,
13-12-2009 00:00,57.6,unverified data,PrecVal,
14-12-2009 00:00,57.69,unverified data,PrecVal,
15-12-2009 00:00,57.74,unverified data,PrecVal,
16-12-2009 00:00,57.89,unverified data,PrecVal,
17-12-2009 00:00,58.17,unverified data,PrecVal,
18-12-2009 00:00,58.15,unverified data,PrecVal,
19-12-2009 00:00,58.07,unverified data,PrecVal,
20-12-2009 00:00,58.03,unverified data,PrecVal,
21-12-2009 00:00,58.08,unverified data,PrecVal,
22-12-2009 00:00,58.25,unverified data,PrecVal,
23-12-2009 00:00,58.22,unverified data,PrecVal,
24-12-2009 00:00,58.46,unverified data,PrecVal,
25-12-2009 00:00,58.48,unverified data,PrecVal,
26-12-2009 00:00,58.5,unverified data,PrecVal,
27-12-2009 00:00,58.6,unverified data,PrecVal,
28-12-2009 00:00,58.63,unverified data,PrecVal,
29-12-2009 00:00,58.7,unverified data,PrecVal,
30-12-2009 00:00,58.85,unverified data,PrecVal,
31-12-2009 00:00,58.96,unverified data,PrecVal,
01-01-2010 00:00,59.07,unverified data,PrecVal,
02-01-2010 00:00,59.16,unverified data,PrecVal,
03-01-2010 00:00,59.28,unverified data,PrecVal,
04-01-2010 00:00,59.23,unverified data,PrecVal,
05-01-2010 00:00,59.3,unverified data,PrecVal,
06-01-2010 00:00,59.32,unverified data,PrecVal,
07-01-2010 00:00,59.4,unverified data,PrecVal,
08-01-2010 00:00,59.35,unverified data,PrecVal,
09-01-2010 00:00,59.49,unverified data,PrecVal,
10-01-2010 00:00,59.59,unverified data,PrecVal,
11-01-2010 00:00,59.73,unverified data,PrecVal,
12-01-2010 00:00,59.85,unverified data,PrecVal,
13-01-2010 00:00,59.91,unverified data,PrecVal,
14-01-2010 00:00,59.88,unverified data,PrecVal,
15-01-2010 00:00,59.91,unverified data,PrecVal,
16-01-2010 00:00,60.01,unverified data,PrecVal,
17-01-2010 00:00,60.12,unverified data,PrecVal,
18-01-2010 00:00,60.11,unverified data,PrecVal,
19-01-2010 00:00,60.05,unverified data,PrecVal,
20-01-2010 00:00,59.94,unverified data,PrecVal,
21-01-2010 00:00,59.98,unverified data,PrecVal,
22-01-2010 00:00,60.06,unverified data,PrecVal,
23-01-2010 00:00,60.11,unverified data,PrecVal,
24-01-2010 00:00,60.09,unverified data,PrecVal,
25-01-2010 00:00,60.18,unverified data,PrecVal,
26-01-2010 00:00,60.25,unverified data,PrecVal,
27-01-2010 00:00,60.3,unverified data,PrecVal,
28-01-2010 00:00,60.37,unverified data,PrecVal,
29-01-2010 00:00,60.48,unverified data,PrecVal,
30-01-2010 00:00,60.49,unverified data,PrecVal,
31-01-2010 00:00,60.63,unverified data,PrecVal,
01-02-2010 00:00,60.7,unverified data,PrecVal,
02-02-2010 00:00,60.66,unverified data,PrecVal,
03-02-2010 00:00,60.8,unverified data,PrecVal,
04-02-2010 00:00,60.95,unverified data,PrecVal,
05-02-2010 00:00,60.82,unverified data,PrecVal,
06-02-2010 00:00,60.63,unverified data,PrecVal,
07-02-2010 00:00,60.71,unverified data,PrecVal,
08-02-2010 00:00,60.67,unverified data,PrecVal,
09-02-2010 00:00,60.69,unverified data,PrecVal,
10-02-2010 00:00,60.86,unverified data,PrecVal,
11-02-2010 00:00,61.1,unverified data,PrecVal,
12-02-2010 00:00,61.13,unverified data,PrecVal,
13-02-2010 00:00,60.9,unverified data,PrecVal,
14-02-2010 00:00,60.85,unverified data,PrecVal,
15-02-2010 00:00,60.8,unverified data,PrecVal,
16-02-2010 00:00,60.82,unverified data,PrecVal,
17-02-2010 00:00,60.85,unverified data,PrecVal,
18-02-2010 00:00,60.85,unverified data,PrecVal,
19-02-2010 00:00,60.78,unverified data,PrecVal,
20-02-2010 00:00,60.87,unverified data,PrecVal,
21-02-2010 00:00,61.05,unverified data,PrecVal,
22-02-2010 00:00,61.11,unverified data,PrecVal,
23-02-2010 00:00,61.23,unverified data,PrecVal,
24-02-2010 00:00,61.01,unverified data,PrecVal,
25-02-2010 00:00,60.97,unverified data,PrecVal,
26-02-2010 00:00,60.99,unverified data,PrecVal,
27-02-2010 00:00,61.14,unverified data,PrecVal,
28-02-2010 00:00,61.26,unverified data,PrecVal,
01-03-2010 00:00,61.28,unverified data,PrecVal,
02-03-2010 00:00,61.14,unverified data,PrecVal,
03-03-2010 00:00,61.23,unverified data,PrecVal,
04-03-2010 00:00,61.34,unverified data,PrecVal,
05-03-2010 00:00,61.32,unverified data,PrecVal,
06-03-2010 00:00,61.44,unverified data,PrecVal,
07-03-2010 00:00,61.53,unverified data,PrecVal,
08-03-2010 00:00,61.66,unverified data,PrecVal,
09-03-2010 00:00,61.6,unverified data,PrecVal,
10-03-2010 00:00,61.49,unverified data,PrecVal,
11-03-2010 00:00,61.33,unverified data,PrecVal,
12-03-2010 00:00,61.22,unverified data,PrecVal,
13-03-2010 00:00,61.31,unverified data,PrecVal,
14-03-2010 00:00,61.41,unverified data,PrecVal,
15-03-2010 00:00,61.5,unverified data,PrecVal,
16-03-2010 00:00,61.56,unverified data,PrecVal,
17-03-2010 00:00,61.67,unverified data,PrecVal,
18-03-2010 00:00,61.62,unverified data,PrecVal,
19-03-2010 00:00,61.76,unverified data,PrecVal,
20-03-2010 00:00,61.74,unverified data,PrecVal,
21-03-2010 00:00,61.83,unverified data,PrecVal,
22-03-2010 00:00,61.79,unverified data,PrecVal,
23-03-2010 00:00,61.69,unverified data,PrecVal,
24-03-2010 00:00,61.72,unverified data,PrecVal,
25-03-2010 00:00,61.75,unverified data,PrecVal,
26-03-2010 00:00,61.78,unverified data,PrecVal,
27-03-2010 00:00,61.91,unverified data,PrecVal,
28-03-2010 00:00,61.89,unverified data,PrecVal,
29-03-2010 00:00,61.91,unverified data,PrecVal,
30-03-2010 00:00,62.02,unverified data,PrecVal,
31-03-2010 00:00,62.02,unverified data,PrecVal,
01-04-2010 00:00,62,unverified data,PrecVal,
02-04-2010 00:00,62.05,unverified data,PrecVal,
03-04-2010 00:00,62.05,unverified data,PrecVal,
04-04-2010 00:00,62.07,unverified data,PrecVal,
05-04-2010 00:00,62.1,unverified data,PrecVal,
06-04-2010 00:00,62.14,unverified data,PrecVal,
07-04-2010 00:00,62.13,unverified data,PrecVal,
08-04-2010 00:00,62.13,unverified data,PrecVal,
09-04-2010 00:00,62.06,unverified data,PrecVal,
10-04-2010 00:00,62.09,unverified data,PrecVal,
11-04-2010 00:00,62.13,unverified data,PrecVal,
12-04-2010 00:00,62.11,unverified data,PrecVal,
13-04-2010 00:00,,missing data,PrecVal,
14-04-2010 00:00,,missing data,PrecVal,
15-04-2010 00:00,,missing data,PrecVal,
16-04-2010 00:00,,missing data,PrecVal,
17-04-2010 00:00,,missing data,PrecVal,
18-04-2010 00:00,,missing data,PrecVal,
19-04-2010 00:00,,missing data,PrecVal,
20-04-2010 00:00,,missing data,PrecVal,
21-04-2010 00:00,,missing data,PrecVal,
22-04-2010 00:00,,missing data,PrecVal,
23-04-2010 00:00,,missing data,PrecVal,
24-04-2010 00:00,,missing data,PrecVal,
25-04-2010 00:00,,missing data,PrecVal,
26-04-2010 00:00,,missing data,PrecVal,
27-04-2010 00:00,,missing data,PrecVal,
28-04-2010 00:00,,missing data,PrecVal,
29-04-2010 00:00,,missing data,PrecVal,
30-04-2010 00:00,,missing data,PrecVal,
01-05-2010 00:00,,missing data,PrecVal,
02-05-2010 00:00,61.62,unverified data,PrecVal,
03-05-2010 00:00,61.62,unverified data,PrecVal,
04-05-2010 00:00,61.54,unverified data,PrecVal,
05-05-2010 00:00,61.55,unverified data,PrecVal,
06-05-2010 00:00,61.49,unverified data,PrecVal,
07-05-2010 00:00,,missing data,PrecVal,
08-05-2010 00:00,,missing data,PrecVal,
09-05-2010 00:00,,missing data,PrecVal,
10-05-2010 00:00,,missing data,PrecVal,
11-05-2010 00:00,,missing data,PrecVal,
12-05-2010 00:00,,missing data,PrecVal,
13-05-2010 00:00,,missing data,PrecVal,
14-05-2010 00:00,,missing data,PrecVal,
15-05-2010 00:00,61.1,unverified data,PrecVal,
16-05-2010 00:00,61.06,unverified data,PrecVal,
17-05-2010 00:00,61.14,unverified data,PrecVal,
18-05-2010 00:00,61.19,unverified data,PrecVal,
19-05-2010 00:00,61.15,unverified data,PrecVal,
20-05-2010 00:00,61.17,unverified data,PrecVal,
21-05-2010 00:00,61.13,unverified data,PrecVal,
22-05-2010 00:00,61.08,unverified data,PrecVal,
23-05-2010 00:00,61.03,unverified data,PrecVal,
24-05-2010 00:00,61.08,unverified data,PrecVal,
25-05-2010 00:00,61.09,unverified data,PrecVal,
26-05-2010 00:00,61.14,unverified data,PrecVal,
27-05-2010 00:00,61.14,unverified data,PrecVal,
28-05-2010 00:00,61.11,unverified data,PrecVal,
29-05-2010 00:00,61.04,unverified data,PrecVal,
30-05-2010 00:00,61,unverified data,PrecVal,
31-05-2010 00:00,61.05,unverified data,PrecVal,
01-06-2010 00:00,61.02,unverified data,PrecVal,
02-06-2010 00:00,61.06,unverified data,PrecVal,
03-06-2010 00:00,61.04,unverified data,PrecVal,
04-06-2010 00:00,61.01,unverified data,PrecVal,
05-06-2010 00:00,61.01,unverified data,PrecVal,
06-06-2010 00:00,61,unverified data,PrecVal,
07-06-2010 00:00,60.9,unverified data,PrecVal,
08-06-2010 00:00,60.95,unverified data,PrecVal,
09-06-2010 00:00,60.84,unverified data,PrecVal,
10-06-2010 00:00,60.79,unverified data,PrecVal,
11-06-2010 00:00,60.58,unverified data,PrecVal,
12-06-2010 00:00,60.55,unverified data,PrecVal,
13-06-2010 00:00,60.52,unverified data,PrecVal,
14-06-2010 00:00,60.47,unverified data,PrecVal,
15-06-2010 00:00,60.5,unverified data,PrecVal,
16-06-2010 00:00,60.49,unverified data,PrecVal,
17-06-2010 00:00,60.47,unverified data,PrecVal,
18-06-2010 00:00,60.27,unverified data,PrecVal,
19-06-2010 00:00,60.23,unverified data,PrecVal,
20-06-2010 00:00,60.16,unverified data,PrecVal,
21-06-2010 00:00,59.96,unverified data,PrecVal,
22-06-2010 00:00,60.04,unverified data,PrecVal,
23-06-2010 00:00,60.21,unverified data,PrecVal,
24-06-2010 00:00,62.37,unverified data,PrecVal,
25-06-2010 00:00,64,unverified data,PrecVal,
26-06-2010 00:00,64,unverified data,PrecVal,
27-06-2010 00:00,64,unverified data,PrecVal,
28-06-2010 00:00,64,unverified data,PrecVal,
29-06-2010 00:00,64,unverified data,PrecVal,
30-06-2010 00:00,64,unverified data,PrecVal,
01-07-2010 00:00,64,unverified data,PrecVal,
02-07-2010 00:00,64,unverified data,PrecVal,
03-07-2010 00:00,64,unverified data,PrecVal,
04-07-2010 00:00,64,unverified data,PrecVal,
05-07-2010 00:00,64,unverified data,PrecVal,
06-07-2010 00:00,64,unverified data,PrecVal,
07-07-2010 00:00,63.96,unverified data,PrecVal,
08-07-2010 00:00,64,unverified data,PrecVal,
09-07-2010 00:00,64,unverified data,PrecVal,
10-07-2010 00:00,64,unverified data,PrecVal,
11-07-2010 00:00,64,unverified data,PrecVal,
12-07-2010 00:00,63.02,unverified data,PrecVal,
13-07-2010 00:00,63,unverified data,PrecVal,
14-07-2010 00:00,63,unverified data,PrecVal,
15-07-2010 00:00,63,unverified data,PrecVal,
16-07-2010 00:00,63,unverified data,PrecVal,
17-07-2010 00:00,63,unverified data,PrecVal,
18-07-2010 00:00,63,unverified data,PrecVal,
19-07-2010 00:00,63,unverified data,PrecVal,
20-07-2010 00:00,63,unverified data,PrecVal,
21-07-2010 00:00,63,unverified data,PrecVal,
22-07-2010 00:00,63,unverified data,PrecVal,
23-07-2010 00:00,63,unverified data,PrecVal,
24-07-2010 00:00,63,unverified data,PrecVal,
25-07-2010 00:00,63,unverified data,PrecVal,
26-07-2010 00:00,63,unverified data,PrecVal,
27-07-2010 00:00,63,unverified data,PrecVal,
28-07-2010 00:00,63,unverified data,PrecVal,
29-07-2010 00:00,63,unverified data,PrecVal,
30-07-2010 00:00,63,unverified data,PrecVal,
31-07-2010 00:00,63,unverified data,PrecVal,
01-08-2010 00:00,63,unverified data,PrecVal,
02-08-2010 00:00,63,unverified data,PrecVal,
03-08-2010 00:00,63,unverified data,PrecVal,
04-08-2010 00:00,63,unverified data,PrecVal,
05-08-2010 00:00,63,unverified data,PrecVal,
06-08-2010 00:00,63,unverified data,PrecVal,
07-08-2010 00:00,63,unverified data,PrecVal,
08-08-2010 00:00,63,unverified data,PrecVal,
09-08-2010 00:00,63,unverified data,PrecVal,
10-08-2010 00:00,63,unverified data,PrecVal,
11-08-2010 00:00,63,unverified data,PrecVal,
12-08-2010 00:00,63,unverified data,PrecVal,
13-08-2010 00:00,63,unverified data,PrecVal,
14-08-2010 00:00,62.54,unverified data,PrecVal,
15-08-2010 00:00,63,unverified data,PrecVal,
16-08-2010 00:00,62.75,unverified data,PrecVal,
17-08-2010 00:00,62.92,unverified data,PrecVal,
18-08-2010 00:00,61.88,unverified data,PrecVal,
19-08-2010 00:00,61.85,unverified data,PrecVal,
20-08-2010 00:00,62,unverified data,PrecVal,
21-08-2010 00:00,62,unverified data,PrecVal,
22-08-2010 00:00,61.79,unverified data,PrecVal,
23-08-2010 00:00,61.83,unverified data,PrecVal,
24-08-2010 00:00,62,unverified data,PrecVal,
25-08-2010 00:00,61.27,unverified data,PrecVal,
26-08-2010 00:00,61.69,unverified data,PrecVal,
27-08-2010 00:00,61.73,unverified data,PrecVal,
28-08-2010 00:00,61.81,unverified data,PrecVal,
29-08-2010 00:00,62,unverified data,PrecVal,
30-08-2010 00:00,61.96,unverified data,PrecVal,
31-08-2010 00:00,61.48,unverified data,PrecVal,
01-09-2010 00:00,61,unverified data,PrecVal,
02-09-2010 00:00,61,unverified data,PrecVal,
03-09-2010 00:00,61,unverified data,PrecVal,
04-09-2010 00:00,61,unverified data,PrecVal,
05-09-2010 00:00,61,unverified data,PrecVal,
06-09-2010 00:00,61,unverified data,PrecVal,
07-09-2010 00:00,61,unverified data,PrecVal,
08-09-2010 00:00,61,unverified data,PrecVal,
09-09-2010 00:00,61,unverified data,PrecVal,
10-09-2010 00:00,61,unverified data,PrecVal,
11-09-2010 00:00,61,unverified data,PrecVal,
12-09-2010 00:00,61,unverified data,PrecVal,
13-09-2010 00:00,61,unverified data,PrecVal,
14-09-2010 00:00,61,unverified data,PrecVal,
15-09-2010 00:00,61,unverified data,PrecVal,
16-09-2010 00:00,60.88,unverified data,PrecVal,
17-09-2010 00:00,60.88,unverified data,PrecVal,
18-09-2010 00:00,60.79,unverified data,PrecVal,
19-09-2010 00:00,60.96,unverified data,PrecVal,
20-09-2010 00:00,61,unverified data,PrecVal,
21-09-2010 00:00,61,unverified data,PrecVal,
22-09-2010 00:00,60.96,unverified data,PrecVal,
23-09-2010 00:00,61,unverified data,PrecVal,
24-09-2010 00:00,61,unverified data,PrecVal,
25-09-2010 00:00,61,unverified data,PrecVal,
26-09-2010 00:00,60.96,unverified data,PrecVal,
27-09-2010 00:00,61,unverified data,PrecVal,
28-09-2010 00:00,61,unverified data,PrecVal,
29-09-2010 00:00,61,unverified data,PrecVal,
30-09-2010 00:00,61,unverified data,PrecVal,
01-10-2010 00:00,61,unverified data,PrecVal,
02-10-2010 00:00,61,unverified data,PrecVal,
03-10-2010 00:00,61,unverified data,PrecVal,
04-10-2010 00:00,61,unverified data,PrecVal,
05-10-2010 00:00,61,unverified data,PrecVal,
06-10-2010 00:00,61,unverified data,PrecVal,
07-10-2010 00:00,61,unverified data,PrecVal,
08-10-2010 00:00,61,unverified data,PrecVal,
09-10-2010 00:00,61,unverified data,PrecVal,
10-10-2010 00:00,61,unverified data,PrecVal,
11-10-2010 00:00,61,unverified data,PrecVal,
12-10-2010 00:00,61,unverified data,PrecVal,
13-10-2010 00:00,61,unverified data,PrecVal,
14-10-2010 00:00,61,unverified data,PrecVal,
15-10-2010 00:00,61,unverified data,PrecVal,
16-10-2010 00:00,61,unverified data,PrecVal,
17-10-2010 00:00,61,unverified data,PrecVal,
18-10-2010 00:00,61,unverified data,PrecVal,
19-10-2010 00:00,61,unverified data,PrecVal,
20-10-2010 00:00,61,unverified data,PrecVal,
21-10-2010 00:00,61,unverified data,PrecVal,
22-10-2010 00:00,61,unverified data,PrecVal,
23-10-2010 00:00,61,unverified data,PrecVal,
24-10-2010 00:00,61,unverified data,PrecVal,
25-10-2010 00:00,61,unverified data,PrecVal,
26-10-2010 00:00,61,unverified data,PrecVal,
27-10-2010 00:00,61,unverified data,PrecVal,
28-10-2010 00:00,61.04,unverified data,PrecVal,
29-10-2010 00:00,61,unverified data,PrecVal,
30-10-2010 00:00,61,unverified data,PrecVal,
31-10-2010 00:00,61,unverified data,PrecVal,
01-11-2010 00:00,61,unverified data,PrecVal,
02-11-2010 00:00,61,unverified data,PrecVal,
03-11-2010 00:00,61,unverified data,PrecVal,
04-11-2010 00:00,61,unverified data,PrecVal,
05-11-2010 00:00,61,unverified data,PrecVal,
06-11-2010 00:00,61,unverified data,PrecVal,
07-11-2010 00:00,61,unverified data,PrecVal,
08-11-2010 00:00,61,unverified data,PrecVal,
09-11-2010 00:00,61,unverified data,PrecVal,
10-11-2010 00:00,61,unverified data,PrecVal,
11-11-2010 00:00,61,unverified data,PrecVal,
12-11-2010 00:00,61,unverified data,PrecVal,
13-11-2010 00:00,61,unverified data,PrecVal,
14-11-2010 00:00,61,unverified data,PrecVal,
15-11-2010 00:00,61,unverified data,PrecVal,
16-11-2010 00:00,61.08,unverified data,PrecVal,
17-11-2010 00:00,61,unverified data,PrecVal,
18-11-2010 00:00,61,unverified data,PrecVal,
19-11-2010 00:00,61,unverified data,PrecVal,
20-11-2010 00:00,61.21,unverified data,PrecVal,
21-11-2010 00:00,61.44,unverified data,PrecVal,
22-11-2010 00:00,62,unverified data,PrecVal,
23-11-2010 00:00,62,unverified data,PrecVal,
24-11-2010 00:00,62,unverified data,PrecVal,
25-11-2010 00:00,61.96,unverified data,PrecVal,
26-11-2010 00:00,61.96,unverified data,PrecVal,
27-11-2010 00:00,62,unverified data,PrecVal,
28-11-2010 00:00,62,unverified data,PrecVal,
29-11-2010 00:00,62,unverified data,PrecVal,
30-11-2010 00:00,62,unverified data,PrecVal,
01-12-2010 00:00,62,unverified data,PrecVal,
02-12-2010 00:00,62,unverified data,PrecVal,
03-12-2010 00:00,62,unverified data,PrecVal,
04-12-2010 00:00,62,unverified data,PrecVal,
05-12-2010 00:00,62,unverified data,PrecVal,
06-12-2010 00:00,62,unverified data,PrecVal,
07-12-2010 00:00,62,unverified data,PrecVal,
08-12-2010 00:00,62,unverified data,PrecVal,
09-12-2010 00:00,62,unverified data,PrecVal,
10-12-2010 00:00,62,unverified data,PrecVal,
11-12-2010 00:00,62,unverified data,PrecVal,
12-12-2010 00:00,62,unverified data,PrecVal,
13-12-2010 00:00,62,unverified data,PrecVal,
14-12-2010 00:00,62,unverified data,PrecVal,
15-12-2010 00:00,62,unverified data,PrecVal,
16-12-2010 00:00,62,unverified data,PrecVal,
17-12-2010 00:00,62,unverified data,PrecVal,
18-12-2010 00:00,62,unverified data,PrecVal,
19-12-2010 00:00,62,unverified data,PrecVal,
20-12-2010 00:00,62,unverified data,PrecVal,
21-12-2010 00:00,62,unverified data,PrecVal,
22-12-2010 00:00,62,unverified data,PrecVal,
23-12-2010 00:00,62.56,unverified data,PrecVal,
24-12-2010 00:00,62.88,unverified data,PrecVal,
25-12-2010 00:00,63,unverified data,PrecVal,
26-12-2010 00:00,63,unverified data,PrecVal,
27-12-2010 00:00,63,unverified data,PrecVal,
28-12-2010 00:00,63,unverified data,PrecVal,
29-12-2010 00:00,63,unverified data,PrecVal,
30-12-2010 00:00,63,unverified data,PrecVal,
31-12-2010 00:00,63.13,unverified data,PrecVal,
01-01-2011 00:00,63,unverified data,PrecVal,
02-01-2011 00:00,63.65,unverified data,PrecVal,
03-01-2011 00:00,64,unverified data,PrecVal,
04-01-2011 00:00,64,unverified data,PrecVal,
05-01-2011 00:00,64,unverified data,PrecVal,
06-01-2011 00:00,64,unverified data,PrecVal,
07-01-2011 00:00,64,unverified data,PrecVal,
08-01-2011 00:00,64,unverified data,PrecVal,
09-01-2011 00:00,64,unverified data,PrecVal,
10-01-2011 00:00,64.6,unverified data,PrecVal,
11-01-2011 00:00,65,unverified data,PrecVal,
12-01-2011 00:00,65,unverified data,PrecVal,
13-01-2011 00:00,65,unverified data,PrecVal,
14-01-2011 00:00,64.42,unverified data,PrecVal,
15-01-2011 00:00,64.15,unverified data,PrecVal,
16-01-2011 00:00,64,unverified data,PrecVal,
17-01-2011 00:00,64.08,unverified data,PrecVal,
18-01-2011 00:00,64,unverified data,PrecVal,
19-01-2011 00:00,64.6,unverified data,PrecVal,
20-01-2011 00:00,65,unverified data,PrecVal,
21-01-2011 00:00,65,unverified data,PrecVal,
22-01-2011 00:00,65,unverified data,PrecVal,
23-01-2011 00:00,65,unverified data,PrecVal,
24-01-2011 00:00,65,unverified data,PrecVal,
25-01-2011 00:00,65,unverified data,PrecVal,
26-01-2011 00:00,65,unverified data,PrecVal,
27-01-2011 00:00,65,unverified data,PrecVal,
28-01-2011 00:00,65,unverified data,PrecVal,
29-01-2011 00:00,65.04,unverified data,PrecVal,
30-01-2011 00:00,65.6,unverified data,PrecVal,
31-01-2011 00:00,66,unverified data,PrecVal,
01-02-2011 00:00,66,unverified data,PrecVal,
02-02-2011 00:00,66,unverified data,PrecVal,
03-02-2011 00:00,66,unverified data,PrecVal,
04-02-2011 00:00,66,unverified data,PrecVal,
05-02-2011 00:00,66,unverified data,PrecVal,
06-02-2011 00:00,66,unverified data,PrecVal,
07-02-2011 00:00,66,unverified data,PrecVal,
08-02-2011 00:00,66,unverified data,PrecVal,
09-02-2011 00:00,66,unverified data,PrecVal,
10-02-2011 00:00,66.33,unverified data,PrecVal,
11-02-2011 00:00,66,unverified data,PrecVal,
12-02-2011 00:00,66.13,unverified data,PrecVal,
13-02-2011 00:00,66.4,unverified data,PrecVal,
14-02-2011 00:00,67,unverified data,PrecVal,
15-02-2011 00:00,67,unverified data,PrecVal,
16-02-2011 00:00,67,unverified data,PrecVal,
17-02-2011 00:00,67,unverified data,PrecVal,
18-02-2011 00:00,67,unverified data,PrecVal,
19-02-2011 00:00,67,unverified data,PrecVal,
20-02-2011 00:00,66.44,unverified data,PrecVal,
21-02-2011 00:00,66,unverified data,PrecVal,
22-02-2011 00:00,66,unverified data,PrecVal,
23-02-2011 00:00,66,unverified data,PrecVal,
24-02-2011 00:00,66,unverified data,PrecVal,
25-02-2011 00:00,66.21,unverified data,PrecVal,
26-02-2011 00:00,66.69,unverified data,PrecVal,
27-02-2011 00:00,67,unverified data,PrecVal,
28-02-2011 00:00,67,unverified data,PrecVal,
01-03-2011 00:00,67,unverified data,PrecVal,
02-03-2011 00:00,67,unverified data,PrecVal,
03-03-2011 00:00,67,unverified data,PrecVal,
04-03-2011 00:00,67,unverified data,PrecVal,
05-03-2011 00:00,67,unverified data,PrecVal,
06-03-2011 00:00,67.04,unverified data,PrecVal,
07-03-2011 00:00,67,unverified data,PrecVal,
08-03-2011 00:00,67,unverified data,PrecVal,
09-03-2011 00:00,67,unverified data,PrecVal,
10-03-2011 00:00,67,unverified data,PrecVal,
11-03-2011 00:00,66.98,unverified data,PrecVal,
12-03-2011 00:00,66.94,unverified data,PrecVal,
13-03-2011 00:00,67,unverified data,PrecVal,
14-03-2011 00:00,67,unverified data,PrecVal,
15-03-2011 00:00,67,unverified data,PrecVal,
16-03-2011 00:00,67,unverified data,PrecVal,
17-03-2011 00:00,67,unverified data,PrecVal,
18-03-2011 00:00,67,unverified data,PrecVal,
19-03-2011 00:00,67,unverified data,PrecVal,
20-03-2011 00:00,67,unverified data,PrecVal,
21-03-2011 00:00,67,unverified data,PrecVal,
22-03-2011 00:00,67,unverified data,PrecVal,
23-03-2011 00:00,67,unverified data,PrecVal,
24-03-2011 00:00,67,unverified data,PrecVal,
25-03-2011 00:00,66.35,unverified data,PrecVal,
26-03-2011 00:00,66,unverified data,PrecVal,
27-03-2011 00:00,65.77,unverified data,PrecVal,
28-03-2011 00:00,65,unverified data,PrecVal,
29-03-2011 00:00,65,unverified data,PrecVal,
30-03-2011 00:00,64.15,unverified data,PrecVal,
31-03-2011 00:00,63.27,unverified data,PrecVal,
01-04-2011 00:00,64.06,unverified data,PrecVal,
02-04-2011 00:00,63.94,unverified data,PrecVal,
03-04-2011 00:00,63.83,unverified data,PrecVal,
04-04-2011 00:00,64.6,unverified data,PrecVal,
05-04-2011 00:00,64.27,unverified data,PrecVal,
06-04-2011 00:00,64.92,unverified data,PrecVal,
07-04-2011 00:00,64.83,unverified data,PrecVal,
08-04-2011 00:00,65,unverified data,PrecVal,
09-04-2011 00:00,65,unverified data,PrecVal,
10-04-2011 00:00,65,unverified data,PrecVal,
11-04-2011 00:00,65,unverified data,PrecVal,
12-04-2011 00:00,65,unverified data,PrecVal,
13-04-2011 00:00,65,unverified data,PrecVal,
14-04-2011 00:00,64.52,unverified data,PrecVal,
15-04-2011 00:00,64,unverified data,PrecVal,
16-04-2011 00:00,64,unverified data,PrecVal,
17-04-2011 00:00,64,unverified data,PrecVal,
18-04-2011 00:00,64,unverified data,PrecVal,
19-04-2011 00:00,64,unverified data,PrecVal,
20-04-2011 00:00,64,unverified data,PrecVal,
21-04-2011 00:00,64,unverified data,PrecVal,
22-04-2011 00:00,64,unverified data,PrecVal,
23-04-2011 00:00,63.73,unverified data,PrecVal,
24-04-2011 00:00,62.63,unverified data,PrecVal,
25-04-2011 00:00,63.98,unverified data,PrecVal,
26-04-2011 00:00,63.67,unverified data,PrecVal,
27-04-2011 00:00,63.5,unverified data,PrecVal,
28-04-2011 00:00,64,unverified data,PrecVal,
29-04-2011 00:00,64,unverified data,PrecVal,
30-04-2011 00:00,64,unverified data,PrecVal,
01-05-2011 00:00,64,unverified data,PrecVal,
02-05-2011 00:00,64,unverified data,PrecVal,
03-05-2011 00:00,64,unverified data,PrecVal,
04-05-2011 00:00,64,unverified data,PrecVal,
05-05-2011 00:00,64,unverified data,PrecVal,
06-05-2011 00:00,64,unverified data,PrecVal,
07-05-2011 00:00,64,unverified data,PrecVal,
08-05-2011 00:00,64,unverified data,PrecVal,
09-05-2011 00:00,64,unverified data,PrecVal,
10-05-2011 00:00,64,unverified data,PrecVal,
11-05-2011 00:00,64,unverified data,PrecVal,
12-05-2011 00:00,64,unverified data,PrecVal,
13-05-2011 00:00,64,unverified data,PrecVal,
14-05-2011 00:00,64,unverified data,PrecVal,
15-05-2011 00:00,64,unverified data,PrecVal,
16-05-2011 00:00,64,unverified data,PrecVal,
17-05-2011 00:00,64,unverified data,PrecVal,
18-05-2011 00:00,64,unverified data,PrecVal,
19-05-2011 00:00,64,unverified data,PrecVal,
20-05-2011 00:00,64,unverified data,PrecVal,
21-05-2011 00:00,64,unverified data,PrecVal,
22-05-2011 00:00,64,unverified data,PrecVal,
23-05-2011 00:00,64,unverified data,PrecVal,
24-05-2011 00:00,64,unverified data,PrecVal,
25-05-2011 00:00,64,unverified data,PrecVal,
26-05-2011 00:00,64,unverified data,PrecVal,
27-05-2011 00:00,64,unverified data,PrecVal,
28-05-2011 00:00,64,unverified data,PrecVal,
29-05-2011 00:00,64,unverified data,PrecVal,
30-05-2011 00:00,64,unverified data,PrecVal,
31-05-2011 00:00,64,unverified data,PrecVal,
01-06-2011 00:00,64,unverified data,PrecVal,
02-06-2011 00:00,64,unverified data,PrecVal,
03-06-2011 00:00,64,unverified data,PrecVal,
04-06-2011 00:00,64,unverified data,PrecVal,
05-06-2011 00:00,64,unverified data,PrecVal,
06-06-2011 00:00,64,unverified data,PrecVal,
07-06-2011 00:00,64,unverified data,PrecVal,
08-06-2011 00:00,64,unverified data,PrecVal,
09-06-2011 00:00,63.23,unverified data,PrecVal,
10-06-2011 00:00,63,unverified data,PrecVal,
11-06-2011 00:00,63,unverified data,PrecVal,
12-06-2011 00:00,63,unverified data,PrecVal,
13-06-2011 00:00,63,unverified data,PrecVal,
14-06-2011 00:00,63,unverified data,PrecVal,
15-06-2011 00:00,62.6,unverified data,PrecVal,
16-06-2011 00:00,62.38,unverified data,PrecVal,
17-06-2011 00:00,62,unverified data,PrecVal,
18-06-2011 00:00,61.79,unverified data,PrecVal,
19-06-2011 00:00,62,unverified data,PrecVal,
20-06-2011 00:00,62,unverified data,PrecVal,
21-06-2011 00:00,62,unverified data,PrecVal,
22-06-2011 00:00,61.06,unverified data,PrecVal,
23-06-2011 00:00,61,unverified data,PrecVal,
24-06-2011 00:00,61,unverified data,PrecVal,
25-06-2011 00:00,61,unverified data,PrecVal,
26-06-2011 00:00,60.13,unverified data,PrecVal,
27-06-2011 00:00,59.48,unverified data,PrecVal,
28-06-2011 00:00,60.04,unverified data,PrecVal,
29-06-2011 00:00,60.23,unverified data,PrecVal,
30-06-2011 00:00,61,unverified data,PrecVal,
01-07-2011 00:00,61,unverified data,PrecVal,
02-07-2011 00:00,61,unverified data,PrecVal,
03-07-2011 00:00,60.54,unverified data,PrecVal,
04-07-2011 00:00,60.92,unverified data,PrecVal,
05-07-2011 00:00,60.48,unverified data,PrecVal,
06-07-2011 00:00,60.33,unverified data,PrecVal,
07-07-2011 00:00,60.13,unverified data,PrecVal,
08-07-2011 00:00,60.13,unverified data,PrecVal,
09-07-2011 00:00,60.17,unverified data,PrecVal,
10-07-2011 00:00,59.94,unverified data,PrecVal,
11-07-2011 00:00,59.9,unverified data,PrecVal,
12-07-2011 00:00,60,unverified data,PrecVal,
13-07-2011 00:00,59.88,unverified data,PrecVal,
14-07-2011 00:00,59.88,unverified data,PrecVal,
15-07-2011 00:00,60,unverified data,PrecVal,
16-07-2011 00:00,60,unverified data,PrecVal,
17-07-2011 00:00,60,unverified data,PrecVal,
18-07-2011 00:00,60,unverified data,PrecVal,
19-07-2011 00:00,60,unverified data,PrecVal,
20-07-2011 00:00,60,unverified data,PrecVal,
21-07-2011 00:00,60,unverified data,PrecVal,
22-07-2011 00:00,60,unverified data,PrecVal,
23-07-2011 00:00,60,unverified data,PrecVal,
24-07-2011 00:00,60,unverified data,PrecVal,
25-07-2011 00:00,60,unverified data,PrecVal,
26-07-2011 00:00,60,unverified data,PrecVal,
27-07-2011 00:00,60,unverified data,PrecVal,
28-07-2011 00:00,60,unverified data,PrecVal,
29-07-2011 00:00,58.58,unverified data,PrecVal,
30-07-2011 00:00,59.98,unverified data,PrecVal,
31-07-2011 00:00,59,unverified data,PrecVal,
01-08-2011 00:00,59.63,unverified data,PrecVal,
02-08-2011 00:00,59.25,unverified data,PrecVal,
03-08-2011 00:00,59,unverified data,PrecVal,
04-08-2011 00:00,59,unverified data,PrecVal,
05-08-2011 00:00,59,unverified data,PrecVal,
06-08-2011 00:00,59,unverified data,PrecVal,
07-08-2011 00:00,59,unverified data,PrecVal,
08-08-2011 00:00,59,unverified data,PrecVal,
09-08-2011 00:00,59,unverified data,PrecVal,
10-08-2011 00:00,59,unverified data,PrecVal,
11-08-2011 00:00,59,unverified data,PrecVal,
12-08-2011 00:00,59,unverified data,PrecVal,
13-08-2011 00:00,59,unverified data,PrecVal,
14-08-2011 00:00,59,unverified data,PrecVal,
15-08-2011 00:00,59,unverified data,PrecVal,
16-08-2011 00:00,59,unverified data,PrecVal,
17-08-2011 00:00,58.4,unverified data,PrecVal,
18-08-2011 00:00,58,unverified data,PrecVal,
19-08-2011 00:00,57.92,unverified data,PrecVal,
20-08-2011 00:00,57.73,unverified data,PrecVal,
21-08-2011 00:00,57.08,unverified data,PrecVal,
22-08-2011 00:00,57.44,unverified data,PrecVal,
23-08-2011 00:00,57.88,unverified data,PrecVal,
24-08-2011 00:00,56.73,unverified data,PrecVal,
25-08-2011 00:00,55.9,unverified data,PrecVal,
26-08-2011 00:00,56.69,unverified data,PrecVal,
27-08-2011 00:00,56.85,unverified data,PrecVal,
28-08-2011 00:00,56.6,unverified data,PrecVal,
29-08-2011 00:00,57,unverified data,PrecVal,
30-08-2011 00:00,57,unverified data,PrecVal,
31-08-2011 00:00,57,unverified data,PrecVal,
01-09-2011 00:00,57,unverified data,PrecVal,
02-09-2011 00:00,57,unverified data,PrecVal,
03-09-2011 00:00,57,unverified data,PrecVal,
04-09-2011 00:00,57.27,unverified data,PrecVal,
05-09-2011 00:00,57.1,unverified data,PrecVal,
06-09-2011 00:00,57,unverified data,PrecVal,
07-09-2011 00:00,57,unverified data,PrecVal,
08-09-2011 00:00,57,unverified data,PrecVal,
09-09-2011 00:00,57,unverified data,PrecVal,
10-09-2011 00:00,57,unverified data,PrecVal,
11-09-2011 00:00,57,unverified data,PrecVal,
12-09-2011 00:00,57,unverified data,PrecVal,
13-09-2011 00:00,57,unverified data,PrecVal,
14-09-2011 00:00,56.96,unverified data,PrecVal,
15-09-2011 00:00,57,unverified data,PrecVal,
16-09-2011 00:00,57,unverified data,PrecVal,
17-09-2011 00:00,56.63,unverified data,PrecVal,
18-09-2011 00:00,57,unverified data,PrecVal,
19-09-2011 00:00,56.81,unverified data,PrecVal,
20-09-2011 00:00,56.9,unverified data,PrecVal,
21-09-2011 00:00,57,unverified data,PrecVal,
22-09-2011 00:00,56.65,unverified data,PrecVal,
23-09-2011 00:00,56.17,unverified data,PrecVal,
24-09-2011 00:00,56.31,unverified data,PrecVal,
25-09-2011 00:00,57,unverified data,PrecVal,
26-09-2011 00:00,57,unverified data,PrecVal,
27-09-2011 00:00,57,unverified data,PrecVal,
28-09-2011 00:00,56.92,unverified data,PrecVal,
29-09-2011 00:00,57,unverified data,PrecVal,
30-09-2011 00:00,57,unverified data,PrecVal,
01-10-2011 00:00,57,unverified data,PrecVal,
02-10-2011 00:00,57,unverified data,PrecVal,
03-10-2011 00:00,57,unverified data,PrecVal,
04-10-2011 00:00,57.04,unverified data,PrecVal,
05-10-2011 00:00,57,unverified data,PrecVal,
06-10-2011 00:00,57,unverified data,PrecVal,
07-10-2011 00:00,57,unverified data,PrecVal,
08-10-2011 00:00,57,unverified data,PrecVal,
09-10-2011 00:00,57,unverified data,PrecVal,
10-10-2011 00:00,57,unverified data,PrecVal,
11-10-2011 00:00,57,unverified data,PrecVal,
12-10-2011 00:00,57,unverified data,PrecVal,
13-10-2011 00:00,57,unverified data,PrecVal,
14-10-2011 00:00,57,unverified data,PrecVal,
15-10-2011 00:00,57,unverified data,PrecVal,
16-10-2011 00:00,57,unverified data,PrecVal,
17-10-2011 00:00,57,unverified data,PrecVal,
18-10-2011 00:00,57,unverified data,PrecVal,
19-10-2011 00:00,57,unverified data,PrecVal,
20-10-2011 00:00,57,unverified data,PrecVal,
21-10-2011 00:00,57,unverified data,PrecVal,
22-10-2011 00:00,57,unverified data,PrecVal,
23-10-2011 00:00,57,unverified data,PrecVal,
24-10-2011 00:00,57,unverified data,PrecVal,
25-10-2011 00:00,57,unverified data,PrecVal,
26-10-2011 00:00,57,unverified data,PrecVal,
27-10-2011 00:00,57.29,unverified data,PrecVal,
28-10-2011 00:00,57.85,unverified data,PrecVal,
29-10-2011 00:00,58,unverified data,PrecVal,
30-10-2011 00:00,58,unverified data,PrecVal,
31-10-2011 00:00,58,unverified data,PrecVal,
01-11-2011 00:00,58,unverified data,PrecVal,
02-11-2011 00:00,58,unverified data,PrecVal,
03-11-2011 00:00,58,unverified data,PrecVal,
04-11-2011 00:00,58,unverified data,PrecVal,
05-11-2011 00:00,58,unverified data,PrecVal,
06-11-2011 00:00,58,unverified data,PrecVal,
07-11-2011 00:00,58,unverified data,PrecVal,
08-11-2011 00:00,58.08,unverified data,PrecVal,
09-11-2011 00:00,58,unverified data,PrecVal,
10-11-2011 00:00,58,unverified data,PrecVal,
11-11-2011 00:00,58,unverified data,PrecVal,
12-11-2011 00:00,58,unverified data,PrecVal,
13-11-2011 00:00,58,unverified data,PrecVal,
14-11-2011 00:00,58,unverified data,PrecVal,
15-11-2011 00:00,58,unverified data,PrecVal,
16-11-2011 00:00,58,unverified data,PrecVal,
17-11-2011 00:00,58,unverified data,PrecVal,
18-11-2011 00:00,58,unverified data,PrecVal,
19-11-2011 00:00,58,unverified data,PrecVal,
20-11-2011 00:00,58,unverified data,PrecVal,
21-11-2011 00:00,58,unverified data,PrecVal,
22-11-2011 00:00,58,unverified data,PrecVal,
23-11-2011 00:00,58.13,unverified data,PrecVal,
24-11-2011 00:00,58.48,unverified data,PrecVal,
25-11-2011 00:00,59,unverified data,PrecVal,
26-11-2011 00:00,58.96,unverified data,PrecVal,
27-11-2011 00:00,58.9,unverified data,PrecVal,
28-11-2011 00:00,58.69,unverified data,PrecVal,
29-11-2011 00:00,59,unverified data,PrecVal,
30-11-2011 00:00,59,unverified data,PrecVal,
01-12-2011 00:00,59,unverified data,PrecVal,
02-12-2011 00:00,59,unverified data,PrecVal,
03-12-2011 00:00,59,unverified data,PrecVal,
04-12-2011 00:00,59,unverified data,PrecVal,
05-12-2011 00:00,59,unverified data,PrecVal,
06-12-2011 00:00,59,unverified data,PrecVal,
07-12-2011 00:00,59,unverified data,PrecVal,
08-12-2011 00:00,59,unverified data,PrecVal,
09-12-2011 00:00,59,unverified data,PrecVal,
10-12-2011 00:00,59,unverified data,PrecVal,
11-12-2011 00:00,59,unverified data,PrecVal,
12-12-2011 00:00,59.94,unverified data,PrecVal,
13-12-2011 00:00,60,unverified data,PrecVal,
14-12-2011 00:00,60,unverified data,PrecVal,
15-12-2011 00:00,60,unverified data,PrecVal,
16-12-2011 00:00,60,unverified data,PrecVal,
17-12-2011 00:00,60,unverified data,PrecVal,
18-12-2011 00:00,60,unverified data,PrecVal,
19-12-2011 00:00,60,unverified data,PrecVal,
20-12-2011 00:00,60,unverified data,PrecVal,
21-12-2011 00:00,60,unverified data,PrecVal,
22-12-2011 00:00,60.56,unverified data,PrecVal,
23-12-2011 00:00,61,unverified data,PrecVal,
24-12-2011 00:00,61,unverified data,PrecVal,
25-12-2011 00:00,61,unverified data,PrecVal,
26-12-2011 00:00,60.69,unverified data,PrecVal,
27-12-2011 00:00,60,unverified data,PrecVal,
28-12-2011 00:00,60.46,unverified data,PrecVal,
29-12-2011 00:00,60.73,unverified data,PrecVal,
30-12-2011 00:00,61,unverified data,PrecVal,
31-12-2011 00:00,61,unverified data,PrecVal,
01-01-2012 00:00,61,unverified data,PrecVal,
02-01-2012 00:00,61.04,unverified data,PrecVal,
03-01-2012 00:00,61.31,unverified data,PrecVal,
04-01-2012 00:00,61.54,unverified data,PrecVal,
05-01-2012 00:00,61.92,unverified data,PrecVal,
06-01-2012 00:00,62,unverified data,PrecVal,
07-01-2012 00:00,62,unverified data,PrecVal,
08-01-2012 00:00,62,unverified data,PrecVal,
09-01-2012 00:00,62,unverified data,PrecVal,
10-01-2012 00:00,62,unverified data,PrecVal,
11-01-2012 00:00,62,unverified data,PrecVal,
12-01-2012 00:00,62,unverified data,PrecVal,
13-01-2012 00:00,62,unverified data,PrecVal,
14-01-2012 00:00,62,unverified data,PrecVal,
15-01-2012 00:00,62,unverified data,PrecVal,
16-01-2012 00:00,62.21,unverified data,PrecVal,
17-01-2012 00:00,62,unverified data,PrecVal,
18-01-2012 00:00,62.85,unverified data,PrecVal,
19-01-2012 00:00,63,unverified data,PrecVal,
20-01-2012 00:00,63,unverified data,PrecVal,
21-01-2012 00:00,63,unverified data,PrecVal,
22-01-2012 00:00,63,unverified data,PrecVal,
23-01-2012 00:00,63,unverified data,PrecVal,
24-01-2012 00:00,63,unverified data,PrecVal,
25-01-2012 00:00,63,unverified data,PrecVal,
26-01-2012 00:00,63.44,unverified data,PrecVal,
27-01-2012 00:00,63.58,unverified data,PrecVal,
28-01-2012 00:00,64,unverified data,PrecVal,
29-01-2012 00:00,64,unverified data,PrecVal,
30-01-2012 00:00,64,unverified data,PrecVal,
31-01-2012 00:00,63.9,unverified data,PrecVal,
01-02-2012 00:00,63,unverified data,PrecVal,
02-02-2012 00:00,63.5,unverified data,PrecVal,
03-02-2012 00:00,63.81,unverified data,PrecVal,
04-02-2012 00:00,64,unverified data,PrecVal,
05-02-2012 00:00,63.77,unverified data,PrecVal,
06-02-2012 00:00,63,unverified data,PrecVal,
07-02-2012 00:00,63.04,unverified data,PrecVal,
08-02-2012 00:00,63.08,unverified data,PrecVal,
09-02-2012 00:00,63.9,unverified data,PrecVal,
10-02-2012 00:00,64,unverified data,PrecVal,
11-02-2012 00:00,64.04,unverified data,PrecVal,
12-02-2012 00:00,64,unverified data,PrecVal,
13-02-2012 00:00,64,unverified data,PrecVal,
14-02-2012 00:00,64,unverified data,PrecVal,
15-02-2012 00:00,64,unverified data,PrecVal,
16-02-2012 00:00,64,unverified data,PrecVal,
17-02-2012 00:00,64,unverified data,PrecVal,
18-02-2012 00:00,64,unverified data,PrecVal,
19-02-2012 00:00,64,unverified data,PrecVal,
20-02-2012 00:00,64,unverified data,PrecVal,
21-02-2012 00:00,64,unverified data,PrecVal,
22-02-2012 00:00,64.25,unverified data,PrecVal,
23-02-2012 00:00,64.48,unverified data,PrecVal,
24-02-2012 00:00,64.23,unverified data,PrecVal,
25-02-2012 00:00,64.46,unverified data,PrecVal,
26-02-2012 00:00,64.81,unverified data,PrecVal,
27-02-2012 00:00,65,unverified data,PrecVal,
28-02-2012 00:00,65,unverified data,PrecVal,
29-02-2012 00:00,65,unverified data,PrecVal,
01-03-2012 00:00,65,unverified data,PrecVal,
02-03-2012 00:00,65,unverified data,PrecVal,
03-03-2012 00:00,65,unverified data,PrecVal,
04-03-2012 00:00,65,unverified data,PrecVal,
05-03-2012 00:00,65,unverified data,PrecVal,
06-03-2012 00:00,65,unverified data,PrecVal,
07-03-2012 00:00,65,unverified data,PrecVal,
08-03-2012 00:00,65,unverified data,PrecVal,
09-03-2012 00:00,65,unverified data,PrecVal,
10-03-2012 00:00,65,unverified data,PrecVal,
11-03-2012 00:00,65,unverified data,PrecVal,
12-03-2012 00:00,65,unverified data,PrecVal,
13-03-2012 00:00,65,unverified data,PrecVal,
14-03-2012 00:00,65,unverified data,PrecVal,
15-03-2012 00:00,65,unverified data,PrecVal,
16-03-2012 00:00,65,unverified data,PrecVal,
17-03-2012 00:00,65,unverified data,PrecVal,
18-03-2012 00:00,65,unverified data,PrecVal,
19-03-2012 00:00,65,unverified data,PrecVal,
20-03-2012 00:00,65,unverified data,PrecVal,
21-03-2012 00:00,65,unverified data,PrecVal,
22-03-2012 00:00,65,unverified data,PrecVal,
23-03-2012 00:00,65,unverified data,PrecVal,
24-03-2012 00:00,65,unverified data,PrecVal,
25-03-2012 00:00,65,unverified data,PrecVal,
26-03-2012 00:00,65,unverified data,PrecVal,
27-03-2012 00:00,65,unverified data,PrecVal,
28-03-2012 00:00,65.04,unverified data,PrecVal,
29-03-2012 00:00,65,unverified data,PrecVal,
30-03-2012 00:00,65,unverified data,PrecVal,
31-03-2012 00:00,65,unverified data,PrecVal,
01-04-2012 00:00,65,unverified data,PrecVal,
02-04-2012 00:00,65,unverified data,PrecVal,
03-04-2012 00:00,65.35,unverified data,PrecVal,
04-04-2012 00:00,65.77,unverified data,PrecVal,
05-04-2012 00:00,65.69,unverified data,PrecVal,
06-04-2012 00:00,66,unverified data,PrecVal,
07-04-2012 00:00,65.94,unverified data,PrecVal,
08-04-2012 00:00,65,unverified data,PrecVal,
09-04-2012 00:00,65,unverified data,PrecVal,
10-04-2012 00:00,65,unverified data,PrecVal,
11-04-2012 00:00,65,unverified data,PrecVal,
12-04-2012 00:00,65,unverified data,PrecVal,
13-04-2012 00:00,65,unverified data,PrecVal,
14-04-2012 00:00,65.08,unverified data,PrecVal,
15-04-2012 00:00,65.04,unverified data,PrecVal,
16-04-2012 00:00,65.4,unverified data,PrecVal,
17-04-2012 00:00,66,unverified data,PrecVal,
18-04-2012 00:00,66,unverified data,PrecVal,
19-04-2012 00:00,66,unverified data,PrecVal,
20-04-2012 00:00,66,unverified data,PrecVal,
21-04-2012 00:00,66,unverified data,PrecVal,
22-04-2012 00:00,66,unverified data,PrecVal,
23-04-2012 00:00,66,unverified data,PrecVal,
24-04-2012 00:00,66,unverified data,PrecVal,
25-04-2012 00:00,66,unverified data,PrecVal,
26-04-2012 00:00,66,unverified data,PrecVal,
27-04-2012 00:00,66,unverified data,PrecVal,
28-04-2012 00:00,66,unverified data,PrecVal,
29-04-2012 00:00,66,unverified data,PrecVal,
30-04-2012 00:00,66,unverified data,PrecVal,
01-05-2012 00:00,66,unverified data,PrecVal,
02-05-2012 00:00,66,unverified data,PrecVal,
03-05-2012 00:00,65.48,unverified data,PrecVal,
04-05-2012 00:00,65,unverified data,PrecVal,
05-05-2012 00:00,65,unverified data,PrecVal,
06-05-2012 00:00,65,unverified data,PrecVal,
07-05-2012 00:00,65,unverified data,PrecVal,
08-05-2012 00:00,65,unverified data,PrecVal,
09-05-2012 00:00,65,unverified data,PrecVal,
10-05-2012 00:00,65,unverified data,PrecVal,
11-05-2012 00:00,65,unverified data,PrecVal,
12-05-2012 00:00,65,unverified data,PrecVal,
13-05-2012 00:00,65,unverified data,PrecVal,
14-05-2012 00:00,64.79,unverified data,PrecVal,
15-05-2012 00:00,65,unverified data,PrecVal,
16-05-2012 00:00,65,unverified data,PrecVal,
17-05-2012 00:00,65,unverified data,PrecVal,
18-05-2012 00:00,65,unverified data,PrecVal,
19-05-2012 00:00,65,unverified data,PrecVal,
20-05-2012 00:00,65,unverified data,PrecVal,
21-05-2012 00:00,65,unverified data,PrecVal,
22-05-2012 00:00,65,unverified data,PrecVal,
23-05-2012 00:00,65,unverified data,PrecVal,
24-05-2012 00:00,65,unverified data,PrecVal,
25-05-2012 00:00,65,unverified data,PrecVal,
26-05-2012 00:00,64.73,unverified data,PrecVal,
27-05-2012 00:00,64,unverified data,PrecVal,
28-05-2012 00:00,64,unverified data,PrecVal,
29-05-2012 00:00,64,unverified data,PrecVal,
30-05-2012 00:00,64,unverified data,PrecVal,
31-05-2012 00:00,64,unverified data,PrecVal,
01-06-2012 00:00,64,unverified data,PrecVal,
02-06-2012 00:00,64,unverified data,PrecVal,
03-06-2012 00:00,64,unverified data,PrecVal,
04-06-2012 00:00,64,unverified data,PrecVal,
05-06-2012 00:00,64,unverified data,PrecVal,
06-06-2012 00:00,64,unverified data,PrecVal,
07-06-2012 00:00,64,unverified data,PrecVal,
08-06-2012 00:00,64,unverified data,PrecVal,
09-06-2012 00:00,64,unverified data,PrecVal,
10-06-2012 00:00,64,unverified data,PrecVal,
11-06-2012 00:00,64,unverified data,PrecVal,
12-06-2012 00:00,64,unverified data,PrecVal,
13-06-2012 00:00,64,unverified data,PrecVal,
14-06-2012 00:00,64,unverified data,PrecVal,
15-06-2012 00:00,63.94,unverified data,PrecVal,
16-06-2012 00:00,63,unverified data,PrecVal,
17-06-2012 00:00,63,unverified data,PrecVal,
18-06-2012 00:00,63,unverified data,PrecVal,
19-06-2012 00:00,63,unverified data,PrecVal,
20-06-2012 00:00,63,unverified data,PrecVal,
21-06-2012 00:00,63,unverified data,PrecVal,
22-06-2012 00:00,63,unverified data,PrecVal,
23-06-2012 00:00,63,unverified data,PrecVal,
24-06-2012 00:00,63,unverified data,PrecVal,
25-06-2012 00:00,63,unverified data,PrecVal,
26-06-2012 00:00,62.56,unverified data,PrecVal,
27-06-2012 00:00,62.29,unverified data,PrecVal,
28-06-2012 00:00,62.9,unverified data,PrecVal,
29-06-2012 00:00,63,unverified data,PrecVal,
30-06-2012 00:00,62.83,unverified data,PrecVal,
01-07-2012 00:00,62.63,unverified data,PrecVal,
02-07-2012 00:00,62.35,unverified data,PrecVal,
03-07-2012 00:00,62.58,unverified data,PrecVal,
04-07-2012 00:00,62.04,unverified data,PrecVal,
05-07-2012 00:00,62.9,unverified data,PrecVal,
06-07-2012 00:00,62.48,unverified data,PrecVal,
07-07-2012 00:00,62,unverified data,PrecVal,
08-07-2012 00:00,62.21,unverified data,PrecVal,
09-07-2012 00:00,62.33,unverified data,PrecVal,
10-07-2012 00:00,62.08,unverified data,PrecVal,
11-07-2012 00:00,62.25,unverified data,PrecVal,
12-07-2012 00:00,62,unverified data,PrecVal,
13-07-2012 00:00,62,unverified data,PrecVal,
14-07-2012 00:00,62,unverified data,PrecVal,
15-07-2012 00:00,62,unverified data,PrecVal,
16-07-2012 00:00,61.85,unverified data,PrecVal,
17-07-2012 00:00,60.83,unverified data,PrecVal,
18-07-2012 00:00,61.9,unverified data,PrecVal,
19-07-2012 00:00,62,unverified data,PrecVal,
20-07-2012 00:00,62,unverified data,PrecVal,
21-07-2012 00:00,62,unverified data,PrecVal,
22-07-2012 00:00,62,unverified data,PrecVal,
23-07-2012 00:00,62,unverified data,PrecVal,
24-07-2012 00:00,62,unverified data,PrecVal,
25-07-2012 00:00,62,unverified data,PrecVal,
26-07-2012 00:00,62,unverified data,PrecVal,
27-07-2012 00:00,62,unverified data,PrecVal,
28-07-2012 00:00,62,unverified data,PrecVal,
29-07-2012 00:00,62,unverified data,PrecVal,
30-07-2012 00:00,62,unverified data,PrecVal,
31-07-2012 00:00,62,unverified data,PrecVal,
01-08-2012 00:00,62,unverified data,PrecVal,
02-08-2012 00:00,62,unverified data,PrecVal,
03-08-2012 00:00,62,unverified data,PrecVal,
04-08-2012 00:00,62,unverified data,PrecVal,
05-08-2012 00:00,62,unverified data,PrecVal,
06-08-2012 00:00,62,unverified data,PrecVal,
07-08-2012 00:00,62,unverified data,PrecVal,
08-08-2012 00:00,62,unverified data,PrecVal,
09-08-2012 00:00,62,unverified data,PrecVal,
10-08-2012 00:00,62,unverified data,PrecVal,
11-08-2012 00:00,62,unverified data,PrecVal,
12-08-2012 00:00,62,unverified data,PrecVal,
13-08-2012 00:00,62,unverified data,PrecVal,
14-08-2012 00:00,62,unverified data,PrecVal,
15-08-2012 00:00,62,unverified data,PrecVal,
16-08-2012 00:00,62,unverified data,PrecVal,
17-08-2012 00:00,61.63,unverified data,PrecVal,
18-08-2012 00:00,61.96,unverified data,PrecVal,
19-08-2012 00:00,62,unverified data,PrecVal,
20-08-2012 00:00,62,unverified data,PrecVal,
21-08-2012 00:00,61.88,unverified data,PrecVal,
22-08-2012 00:00,62,unverified data,PrecVal,
23-08-2012 00:00,61.06,unverified data,PrecVal,
24-08-2012 00:00,61,unverified data,PrecVal,
25-08-2012 00:00,61,unverified data,PrecVal,
26-08-2012 00:00,61,unverified data,PrecVal,
27-08-2012 00:00,61,unverified data,PrecVal,
28-08-2012 00:00,60.83,unverified data,PrecVal,
29-08-2012 00:00,61,unverified data,PrecVal,
30-08-2012 00:00,61,unverified data,PrecVal,
31-08-2012 00:00,61,unverified data,PrecVal,
01-09-2012 00:00,61,unverified data,PrecVal,
02-09-2012 00:00,61,unverified data,PrecVal,
03-09-2012 00:00,61,unverified data,PrecVal,
04-09-2012 00:00,61,unverified data,PrecVal,
05-09-2012 00:00,61,unverified data,PrecVal,
06-09-2012 00:00,61,unverified data,PrecVal,
07-09-2012 00:00,60.52,unverified data,PrecVal,
08-09-2012 00:00,60.69,unverified data,PrecVal,
09-09-2012 00:00,60.56,unverified data,PrecVal,
10-09-2012 00:00,60.71,unverified data,PrecVal,
11-09-2012 00:00,60.35,unverified data,PrecVal,
12-09-2012 00:00,60.58,unverified data,PrecVal,
13-09-2012 00:00,60.31,unverified data,PrecVal,
14-09-2012 00:00,60,unverified data,PrecVal,
15-09-2012 00:00,60.25,unverified data,PrecVal,
16-09-2012 00:00,60.38,unverified data,PrecVal,
17-09-2012 00:00,60,unverified data,PrecVal,
18-09-2012 00:00,60.08,unverified data,PrecVal,
19-09-2012 00:00,60,unverified data,PrecVal,
20-09-2012 00:00,60.35,unverified data,PrecVal,
21-09-2012 00:00,61,unverified data,PrecVal,
22-09-2012 00:00,60.81,unverified data,PrecVal,
23-09-2012 00:00,60.33,unverified data,PrecVal,
24-09-2012 00:00,60.33,unverified data,PrecVal,
25-09-2012 00:00,60,unverified data,PrecVal,
26-09-2012 00:00,60,unverified data,PrecVal,
27-09-2012 00:00,60,unverified data,PrecVal,
28-09-2012 00:00,60,unverified data,PrecVal,
29-09-2012 00:00,60,unverified data,PrecVal,
30-09-2012 00:00,60,unverified data,PrecVal,
01-10-2012 00:00,60,unverified data,PrecVal,
02-10-2012 00:00,60,unverified data,PrecVal,
03-10-2012 00:00,60,unverified data,PrecVal,
04-10-2012 00:00,60,unverified data,PrecVal,
05-10-2012 00:00,60,unverified data,PrecVal,
06-10-2012 00:00,60,unverified data,PrecVal,
07-10-2012 00:00,60,unverified data,PrecVal,
08-10-2012 00:00,60.27,unverified data,PrecVal,
09-10-2012 00:00,61,unverified data,PrecVal,
10-10-2012 00:00,60.96,unverified data,PrecVal,
11-10-2012 00:00,61,unverified data,PrecVal,
12-10-2012 00:00,61,unverified data,PrecVal,
13-10-2012 00:00,61,unverified data,PrecVal,
14-10-2012 00:00,61,unverified data,PrecVal,
15-10-2012 00:00,61,unverified data,PrecVal,
16-10-2012 00:00,61,unverified data,PrecVal,
17-10-2012 00:00,61,unverified data,PrecVal,
18-10-2012 00:00,61,unverified data,PrecVal,
19-10-2012 00:00,61,unverified data,PrecVal,
20-10-2012 00:00,61,unverified data,PrecVal,
21-10-2012 00:00,61,unverified data,PrecVal,
22-10-2012 00:00,61,unverified data,PrecVal,
23-10-2012 00:00,61,unverified data,PrecVal,
24-10-2012 00:00,61,unverified data,PrecVal,
25-10-2012 00:00,61,unverified data,PrecVal,
26-10-2012 00:00,61,unverified data,PrecVal,
27-10-2012 00:00,61,unverified data,PrecVal,
28-10-2012 00:00,61,unverified data,PrecVal,
29-10-2012 00:00,61,unverified data,PrecVal,
30-10-2012 00:00,61,unverified data,PrecVal,
31-10-2012 00:00,61,unverified data,PrecVal,
01-11-2012 00:00,61.27,unverified data,PrecVal,
02-11-2012 00:00,61.27,unverified data,PrecVal,
03-11-2012 00:00,61,unverified data,PrecVal,
04-11-2012 00:00,61,unverified data,PrecVal,
05-11-2012 00:00,61.08,unverified data,PrecVal,
06-11-2012 00:00,61.52,unverified data,PrecVal,
07-11-2012 00:00,61.17,unverified data,PrecVal,
08-11-2012 00:00,61.4,unverified data,PrecVal,
09-11-2012 00:00,61.58,unverified data,PrecVal,
10-11-2012 00:00,61.04,unverified data,PrecVal,
11-11-2012 00:00,61,unverified data,PrecVal,
12-11-2012 00:00,61.06,unverified data,PrecVal,
13-11-2012 00:00,61.06,unverified data,PrecVal,
14-11-2012 00:00,61.52,unverified data,PrecVal,
15-11-2012 00:00,61.85,unverified data,PrecVal,
16-11-2012 00:00,61.94,unverified data,PrecVal,
17-11-2012 00:00,62,unverified data,PrecVal,
18-11-2012 00:00,62,unverified data,PrecVal,
19-11-2012 00:00,62,unverified data,PrecVal,
20-11-2012 00:00,62,unverified data,PrecVal,
21-11-2012 00:00,62,unverified data,PrecVal,
22-11-2012 00:00,62,unverified data,PrecVal,
23-11-2012 00:00,62,unverified data,PrecVal,
24-11-2012 00:00,62.04,unverified data,PrecVal,
25-11-2012 00:00,62,unverified data,PrecVal,
26-11-2012 00:00,62.13,unverified data,PrecVal,
27-11-2012 00:00,62,unverified data,PrecVal,
28-11-2012 00:00,62.65,unverified data,PrecVal,
29-11-2012 00:00,62.75,unverified data,PrecVal,
30-11-2012 00:00,62.88,unverified data,PrecVal,
01-12-2012 00:00,63,unverified data,PrecVal,
02-12-2012 00:00,63.08,unverified data,PrecVal,
03-12-2012 00:00,63,unverified data,PrecVal,
04-12-2012 00:00,63,unverified data,PrecVal,
05-12-2012 00:00,63,unverified data,PrecVal,
06-12-2012 00:00,63,unverified data,PrecVal,
07-12-2012 00:00,63.08,unverified data,PrecVal,
08-12-2012 00:00,63.27,unverified data,PrecVal,
09-12-2012 00:00,63.27,unverified data,PrecVal,
10-12-2012 00:00,63,unverified data,PrecVal,
11-12-2012 00:00,63.04,unverified data,PrecVal,
12-12-2012 00:00,63.17,unverified data,PrecVal,
13-12-2012 00:00,63.52,unverified data,PrecVal,
14-12-2012 00:00,64,unverified data,PrecVal,
15-12-2012 00:00,64,unverified data,PrecVal,
16-12-2012 00:00,64,unverified data,PrecVal,
17-12-2012 00:00,64,unverified data,PrecVal,
18-12-2012 00:00,64,unverified data,PrecVal,
19-12-2012 00:00,64,unverified data,PrecVal,
20-12-2012 00:00,64,unverified data,PrecVal,
21-12-2012 00:00,64,unverified data,PrecVal,
22-12-2012 00:00,64,unverified data,PrecVal,
23-12-2012 00:00,64.08,unverified data,PrecVal,
24-12-2012 00:00,64,unverified data,PrecVal,
25-12-2012 00:00,64,unverified data,PrecVal,
26-12-2012 00:00,64.44,unverified data,PrecVal,
27-12-2012 00:00,65,unverified data,PrecVal,
28-12-2012 00:00,65,unverified data,PrecVal,
29-12-2012 00:00,65,unverified data,PrecVal,
30-12-2012 00:00,65,unverified data,PrecVal,
31-12-2012 00:00,65,unverified data,PrecVal,
01-01-2013 00:00,65,unverified data,PrecVal,
02-01-2013 00:00,65,unverified data,PrecVal,
03-01-2013 00:00,65,unverified data,PrecVal,
04-01-2013 00:00,65,unverified data,PrecVal,
05-01-2013 00:00,65.4,unverified data,PrecVal,
06-01-2013 00:00,66,unverified data,PrecVal,
07-01-2013 00:00,66,unverified data,PrecVal,
08-01-2013 00:00,66,unverified data,PrecVal,
09-01-2013 00:00,66,unverified data,PrecVal,
10-01-2013 00:00,66,unverified data,PrecVal,
11-01-2013 00:00,66,unverified data,PrecVal,
12-01-2013 00:00,66,unverified data,PrecVal,
13-01-2013 00:00,66,unverified data,PrecVal,
14-01-2013 00:00,66,unverified data,PrecVal,
15-01-2013 00:00,66.48,unverified data,PrecVal,
16-01-2013 00:00,66.67,unverified data,PrecVal,
17-01-2013 00:00,67,unverified data,PrecVal,
18-01-2013 00:00,67,unverified data,PrecVal,
19-01-2013 00:00,67,unverified data,PrecVal,
20-01-2013 00:00,67,unverified data,PrecVal,
21-01-2013 00:00,67.04,unverified data,PrecVal,
22-01-2013 00:00,67,unverified data,PrecVal,
23-01-2013 00:00,67,unverified data,PrecVal,
24-01-2013 00:00,67.17,unverified data,PrecVal,
25-01-2013 00:00,67,unverified data,PrecVal,
26-01-2013 00:00,67.13,unverified data,PrecVal,
27-01-2013 00:00,67.48,unverified data,PrecVal,
28-01-2013 00:00,67.71,unverified data,PrecVal,
29-01-2013 00:00,67.96,unverified data,PrecVal,
30-01-2013 00:00,68,unverified data,PrecVal,
31-01-2013 00:00,68,unverified data,PrecVal,
01-02-2013 00:00,67.94,unverified data,PrecVal,
02-02-2013 00:00,67.48,unverified data,PrecVal,
03-02-2013 00:00,68,unverified data,PrecVal,
04-02-2013 00:00,68,unverified data,PrecVal,
05-02-2013 00:00,68,unverified data,PrecVal,
06-02-2013 00:00,68,unverified data,PrecVal,
07-02-2013 00:00,68,unverified data,PrecVal,
08-02-2013 00:00,68,unverified data,PrecVal,
09-02-2013 00:00,68,unverified data,PrecVal,
10-02-2013 00:00,68,unverified data,PrecVal,
11-02-2013 00:00,68.04,unverified data,PrecVal,
12-02-2013 00:00,68.6,unverified data,PrecVal,
13-02-2013 00:00,69,unverified data,PrecVal,
14-02-2013 00:00,69,unverified data,PrecVal,
15-02-2013 00:00,69,unverified data,PrecVal,
16-02-2013 00:00,69.04,unverified data,PrecVal,
17-02-2013 00:00,69,unverified data,PrecVal,
18-02-2013 00:00,69,unverified data,PrecVal,
19-02-2013 00:00,69,unverified data,PrecVal,
20-02-2013 00:00,69.52,unverified data,PrecVal,
21-02-2013 00:00,70,unverified data,PrecVal,
22-02-2013 00:00,70,unverified data,PrecVal,
23-02-2013 00:00,70,unverified data,PrecVal,
24-02-2013 00:00,70,unverified data,PrecVal,
25-02-2013 00:00,70,unverified data,PrecVal,
26-02-2013 00:00,70,unverified data,PrecVal,
27-02-2013 00:00,70,unverified data,PrecVal,
28-02-2013 00:00,70,unverified data,PrecVal,
01-03-2013 00:00,70,unverified data,PrecVal,
02-03-2013 00:00,70,unverified data,PrecVal,
03-03-2013 00:00,70,unverified data,PrecVal,
04-03-2013 00:00,70,unverified data,PrecVal,
05-03-2013 00:00,70,unverified data,PrecVal,
06-03-2013 00:00,70.6,unverified data,PrecVal,
07-03-2013 00:00,71,unverified data,PrecVal,
08-03-2013 00:00,71,unverified data,PrecVal,
09-03-2013 00:00,71,unverified data,PrecVal,
10-03-2013 00:00,71,unverified data,PrecVal,
11-03-2013 00:00,71,unverified data,PrecVal,
12-03-2013 00:00,71,unverified data,PrecVal,
13-03-2013 00:00,71,unverified data,PrecVal,
14-03-2013 00:00,71.13,unverified data,PrecVal,
15-03-2013 00:00,71,unverified data,PrecVal,
16-03-2013 00:00,71,unverified data,PrecVal,
17-03-2013 00:00,71,unverified data,PrecVal,
18-03-2013 00:00,71,unverified data,PrecVal,
19-03-2013 00:00,71,unverified data,PrecVal,
20-03-2013 00:00,71,unverified data,PrecVal,
21-03-2013 00:00,71,unverified data,PrecVal,
22-03-2013 00:00,70.9,unverified data,PrecVal,
23-03-2013 00:00,70,unverified data,PrecVal,
24-03-2013 00:00,69.94,unverified data,PrecVal,
25-03-2013 00:00,69.9,unverified data,PrecVal,
26-03-2013 00:00,70,unverified data,PrecVal,
27-03-2013 00:00,70,unverified data,PrecVal,
28-03-2013 00:00,70,unverified data,PrecVal,
29-03-2013 00:00,70,unverified data,PrecVal,
30-03-2013 00:00,70,unverified data,PrecVal,
31-03-2013 00:00,70,unverified data,PrecVal,
01-04-2013 00:00,70,unverified data,PrecVal,
02-04-2013 00:00,70,unverified data,PrecVal,
03-04-2013 00:00,70,unverified data,PrecVal,
04-04-2013 00:00,70,unverified data,PrecVal,
05-04-2013 00:00,70,unverified data,PrecVal,
06-04-2013 00:00,70,unverified data,PrecVal,
07-04-2013 00:00,70,unverified data,PrecVal,
08-04-2013 00:00,70.52,unverified data,PrecVal,
09-04-2013 00:00,70.79,unverified data,PrecVal,
10-04-2013 00:00,70.96,unverified data,PrecVal,
11-04-2013 00:00,71,unverified data,PrecVal,
12-04-2013 00:00,71,unverified data,PrecVal,
13-04-2013 00:00,71,unverified data,PrecVal,
14-04-2013 00:00,71,unverified data,PrecVal,
15-04-2013 00:00,71,unverified data,PrecVal,
16-04-2013 00:00,71,unverified data,PrecVal,
17-04-2013 00:00,71,unverified data,PrecVal,
18-04-2013 00:00,71,unverified data,PrecVal,
19-04-2013 00:00,71,unverified data,PrecVal,
20-04-2013 00:00,71,unverified data,PrecVal,
21-04-2013 00:00,71,unverified data,PrecVal,
22-04-2013 00:00,71,unverified data,PrecVal,
23-04-2013 00:00,71,unverified data,PrecVal,
24-04-2013 00:00,70.67,unverified data,PrecVal,
25-04-2013 00:00,70,unverified data,PrecVal,
26-04-2013 00:00,70,unverified data,PrecVal,
27-04-2013 00:00,70,unverified data,PrecVal,
28-04-2013 00:00,70,unverified data,PrecVal,
29-04-2013 00:00,70,unverified data,PrecVal,
30-04-2013 00:00,70,unverified data,PrecVal,
01-05-2013 00:00,70,unverified data,PrecVal,
02-05-2013 00:00,70,unverified data,PrecVal,
03-05-2013 00:00,70,unverified data,PrecVal,
04-05-2013 00:00,70,unverified data,PrecVal,
05-05-2013 00:00,70,unverified data,PrecVal,
06-05-2013 00:00,70,unverified data,PrecVal,
07-05-2013 00:00,70,unverified data,PrecVal,
08-05-2013 00:00,70,unverified data,PrecVal,
09-05-2013 00:00,70,unverified data,PrecVal,
10-05-2013 00:00,70,unverified data,PrecVal,
11-05-2013 00:00,70,unverified data,PrecVal,
12-05-2013 00:00,70,unverified data,PrecVal,
13-05-2013 00:00,70,unverified data,PrecVal,
14-05-2013 00:00,70,unverified data,PrecVal,
15-05-2013 00:00,70,unverified data,PrecVal,
16-05-2013 00:00,69.15,unverified data,PrecVal,
17-05-2013 00:00,69,unverified data,PrecVal,
18-05-2013 00:00,69,unverified data,PrecVal,
19-05-2013 00:00,69,unverified data,PrecVal,
20-05-2013 00:00,69,unverified data,PrecVal,
21-05-2013 00:00,69,unverified data,PrecVal,
22-05-2013 00:00,69,unverified data,PrecVal,
23-05-2013 00:00,69,unverified data,PrecVal,
24-05-2013 00:00,69,unverified data,PrecVal,
25-05-2013 00:00,69,unverified data,PrecVal,
26-05-2013 00:00,69,unverified data,PrecVal,
27-05-2013 00:00,69,unverified data,PrecVal,
28-05-2013 00:00,69,unverified data,PrecVal,
29-05-2013 00:00,69,unverified data,PrecVal,
30-05-2013 00:00,69,unverified data,PrecVal,
31-05-2013 00:00,69,unverified data,PrecVal,
01-06-2013 00:00,69,unverified data,PrecVal,
02-06-2013 00:00,69,unverified data,PrecVal,
03-06-2013 00:00,69,unverified data,PrecVal,
04-06-2013 00:00,69,unverified data,PrecVal,
05-06-2013 00:00,69,unverified data,PrecVal,
06-06-2013 00:00,69,unverified data,PrecVal,
07-06-2013 00:00,69,unverified data,PrecVal,
08-06-2013 00:00,69,unverified data,PrecVal,
09-06-2013 00:00,69,unverified data,PrecVal,
10-06-2013 00:00,69.19,unverified data,PrecVal,
11-06-2013 00:00,69.98,unverified data,PrecVal,
12-06-2013 00:00,69,unverified data,PrecVal,
13-06-2013 00:00,69,unverified data,PrecVal,
14-06-2013 00:00,69,unverified data,PrecVal,
15-06-2013 00:00,69,unverified data,PrecVal,
16-06-2013 00:00,69,unverified data,PrecVal,
17-06-2013 00:00,69,unverified data,PrecVal,
18-06-2013 00:00,69,unverified data,PrecVal,
19-06-2013 00:00,69,unverified data,PrecVal,
20-06-2013 00:00,69,unverified data,PrecVal,
21-06-2013 00:00,69,unverified data,PrecVal,
22-06-2013 00:00,69,unverified data,PrecVal,
23-06-2013 00:00,69,unverified data,PrecVal,
24-06-2013 00:00,69,unverified data,PrecVal,
25-06-2013 00:00,69,unverified data,PrecVal,
26-06-2013 00:00,69,unverified data,PrecVal,
27-06-2013 00:00,69,unverified data,PrecVal,
28-06-2013 00:00,69,unverified data,PrecVal,
29-06-2013 00:00,69,unverified data,PrecVal,
30-06-2013 00:00,69,unverified data,PrecVal,
01-07-2013 00:00,69,unverified data,PrecVal,
02-07-2013 00:00,69,unverified data,PrecVal,
03-07-2013 00:00,69,unverified data,PrecVal,
04-07-2013 00:00,69,unverified data,PrecVal,
05-07-2013 00:00,69,unverified data,PrecVal,
06-07-2013 00:00,69,unverified data,PrecVal,
07-07-2013 00:00,68.06,unverified data,PrecVal,
08-07-2013 00:00,68,unverified data,PrecVal,
09-07-2013 00:00,68.69,unverified data,PrecVal,
10-07-2013 00:00,69,unverified data,PrecVal,
11-07-2013 00:00,69,unverified data,PrecVal,
12-07-2013 00:00,69,unverified data,PrecVal,
13-07-2013 00:00,69,unverified data,PrecVal,
14-07-2013 00:00,69,unverified data,PrecVal,
15-07-2013 00:00,68.85,unverified data,PrecVal,
16-07-2013 00:00,68,unverified data,PrecVal,
17-07-2013 00:00,68.17,unverified data,PrecVal,
18-07-2013 00:00,68,unverified data,PrecVal,
19-07-2013 00:00,68,unverified data,PrecVal,
20-07-2013 00:00,68,unverified data,PrecVal,
21-07-2013 00:00,68,unverified data,PrecVal,
22-07-2013 00:00,68,unverified data,PrecVal,
23-07-2013 00:00,68,unverified data,PrecVal,
24-07-2013 00:00,67.27,unverified data,PrecVal,
25-07-2013 00:00,67.17,unverified data,PrecVal,
26-07-2013 00:00,67.35,unverified data,PrecVal,
27-07-2013 00:00,68,unverified data,PrecVal,
28-07-2013 00:00,67.79,unverified data,PrecVal,
29-07-2013 00:00,67.06,unverified data,PrecVal,
30-07-2013 00:00,67,unverified data,PrecVal,
31-07-2013 00:00,67,unverified data,PrecVal,
01-08-2013 00:00,67,unverified data,PrecVal,
02-08-2013 00:00,67,unverified data,PrecVal,
03-08-2013 00:00,67.06,unverified data,PrecVal,
04-08-2013 00:00,67.06,unverified data,PrecVal,
05-08-2013 00:00,67,unverified data,PrecVal,
06-08-2013 00:00,67,unverified data,PrecVal,
07-08-2013 00:00,66.67,unverified data,PrecVal,
08-08-2013 00:00,67,unverified data,PrecVal,
09-08-2013 00:00,67,unverified data,PrecVal,
10-08-2013 00:00,66.75,unverified data,PrecVal,
11-08-2013 00:00,66.25,unverified data,PrecVal,
12-08-2013 00:00,66.85,unverified data,PrecVal,
13-08-2013 00:00,66,unverified data,PrecVal,
14-08-2013 00:00,66,unverified data,PrecVal,
15-08-2013 00:00,66,unverified data,PrecVal,
16-08-2013 00:00,66,unverified data,PrecVal,
17-08-2013 00:00,66,unverified data,PrecVal,
18-08-2013 00:00,66,unverified data,PrecVal,
19-08-2013 00:00,65.9,unverified data,PrecVal,
20-08-2013 00:00,65,unverified data,PrecVal,
21-08-2013 00:00,65.06,unverified data,PrecVal,
22-08-2013 00:00,66,unverified data,PrecVal,
23-08-2013 00:00,65.81,unverified data,PrecVal,
24-08-2013 00:00,64.46,unverified data,PrecVal,
25-08-2013 00:00,64.88,unverified data,PrecVal,
26-08-2013 00:00,64.96,unverified data,PrecVal,
27-08-2013 00:00,64.5,unverified data,PrecVal,
28-08-2013 00:00,65,unverified data,PrecVal,
29-08-2013 00:00,65,unverified data,PrecVal,
30-08-2013 00:00,65,unverified data,PrecVal,
31-08-2013 00:00,65,unverified data,PrecVal,
01-09-2013 00:00,65,unverified data,PrecVal,
02-09-2013 00:00,65,unverified data,PrecVal,
03-09-2013 00:00,65.08,unverified data,PrecVal,
04-09-2013 00:00,65,unverified data,PrecVal,
05-09-2013 00:00,65,unverified data,PrecVal,
06-09-2013 00:00,65,unverified data,PrecVal,
07-09-2013 00:00,64.31,unverified data,PrecVal,
08-09-2013 00:00,64.65,unverified data,PrecVal,
09-09-2013 00:00,64.88,unverified data,PrecVal,
10-09-2013 00:00,64.56,unverified data,PrecVal,
11-09-2013 00:00,64,unverified data,PrecVal,
12-09-2013 00:00,64,unverified data,PrecVal,
13-09-2013 00:00,64,unverified data,PrecVal,
14-09-2013 00:00,64,unverified data,PrecVal,
15-09-2013 00:00,64,unverified data,PrecVal,
16-09-2013 00:00,64,unverified data,PrecVal,
17-09-2013 00:00,64,unverified data,PrecVal,
18-09-2013 00:00,64,unverified data,PrecVal,
19-09-2013 00:00,64,unverified data,PrecVal,
20-09-2013 00:00,64,unverified data,PrecVal,
21-09-2013 00:00,64,unverified data,PrecVal,
22-09-2013 00:00,64,unverified data,PrecVal,
23-09-2013 00:00,64,unverified data,PrecVal,
24-09-2013 00:00,63.9,unverified data,PrecVal,
25-09-2013 00:00,63.23,unverified data,PrecVal,
26-09-2013 00:00,63.9,unverified data,PrecVal,
27-09-2013 00:00,63.42,unverified data,PrecVal,
28-09-2013 00:00,63,unverified data,PrecVal,
29-09-2013 00:00,63,unverified data,PrecVal,
30-09-2013 00:00,63,unverified data,PrecVal,
01-10-2013 00:00,63.73,unverified data,PrecVal,
02-10-2013 00:00,63.4,unverified data,PrecVal,
03-10-2013 00:00,63,unverified data,PrecVal,
04-10-2013 00:00,63,unverified data,PrecVal,
05-10-2013 00:00,63,unverified data,PrecVal,
06-10-2013 00:00,62.92,unverified data,PrecVal,
07-10-2013 00:00,62.96,unverified data,PrecVal,
08-10-2013 00:00,63,unverified data,PrecVal,
09-10-2013 00:00,63,unverified data,PrecVal,
10-10-2013 00:00,62.56,unverified data,PrecVal,
11-10-2013 00:00,62.65,unverified data,PrecVal,
12-10-2013 00:00,63,unverified data,PrecVal,
13-10-2013 00:00,63,unverified data,PrecVal,
14-10-2013 00:00,63,unverified data,PrecVal,
15-10-2013 00:00,63,unverified data,PrecVal,
16-10-2013 00:00,63,unverified data,PrecVal,
17-10-2013 00:00,63,unverified data,PrecVal,
18-10-2013 00:00,63,unverified data,PrecVal,
19-10-2013 00:00,63,unverified data,PrecVal,
20-10-2013 00:00,63,unverified data,PrecVal,
21-10-2013 00:00,63,unverified data,PrecVal,
22-10-2013 00:00,63,unverified data,PrecVal,
23-10-2013 00:00,62.81,unverified data,PrecVal,
24-10-2013 00:00,62.98,unverified data,PrecVal,
25-10-2013 00:00,62.92,unverified data,PrecVal,
26-10-2013 00:00,63,unverified data,PrecVal,
27-10-2013 00:00,63,unverified data,PrecVal,
28-10-2013 00:00,63,unverified data,PrecVal,
29-10-2013 00:00,63,unverified data,PrecVal,
30-10-2013 00:00,63,unverified data,PrecVal,
31-10-2013 00:00,63,unverified data,PrecVal,
01-11-2013 00:00,63,unverified data,PrecVal,
02-11-2013 00:00,63,unverified data,PrecVal,
03-11-2013 00:00,63.08,unverified data,PrecVal,
04-11-2013 00:00,63,unverified data,PrecVal,
05-11-2013 00:00,63,unverified data,PrecVal,
06-11-2013 00:00,63,unverified data,PrecVal,
07-11-2013 00:00,63,unverified data,PrecVal,
08-11-2013 00:00,63,unverified data,PrecVal,
09-11-2013 00:00,63,unverified data,PrecVal,
10-11-2013 00:00,63,unverified data,PrecVal,
11-11-2013 00:00,63,unverified data,PrecVal,
12-11-2013 00:00,63,unverified data,PrecVal,
13-11-2013 00:00,63,unverified data,PrecVal,
14-11-2013 00:00,63,unverified data,PrecVal,
15-11-2013 00:00,63,unverified data,PrecVal,
16-11-2013 00:00,63,unverified data,PrecVal,
17-11-2013 00:00,63,unverified data,PrecVal,
18-11-2013 00:00,62.21,unverified data,PrecVal,
19-11-2013 00:00,62.73,unverified data,PrecVal,
20-11-2013 00:00,62.56,unverified data,PrecVal,
21-11-2013 00:00,62.79,unverified data,PrecVal,
22-11-2013 00:00,62.65,unverified data,PrecVal,
23-11-2013 00:00,62.56,unverified data,PrecVal,
24-11-2013 00:00,63,unverified data,PrecVal,
25-11-2013 00:00,61.08,unverified data,PrecVal,
26-11-2013 00:00,60.69,unverified data,PrecVal,
27-11-2013 00:00,61.1,unverified data,PrecVal,
28-11-2013 00:00,61.46,unverified data,PrecVal,
29-11-2013 00:00,62.6,unverified data,PrecVal,
30-11-2013 00:00,62,unverified data,PrecVal,
01-12-2013 00:00,62.38,unverified data,PrecVal,
02-12-2013 00:00,61.46,unverified data,PrecVal,
03-12-2013 00:00,60.69,unverified data,PrecVal,
04-12-2013 00:00,61.13,unverified data,PrecVal,
05-12-2013 00:00,61.9,unverified data,PrecVal,
06-12-2013 00:00,62,unverified data,PrecVal,
07-12-2013 00:00,62,unverified data,PrecVal,
08-12-2013 00:00,62.04,unverified data,PrecVal,
09-12-2013 00:00,62,unverified data,PrecVal,
10-12-2013 00:00,62.6,unverified data,PrecVal,
11-12-2013 00:00,62.73,unverified data,PrecVal,
12-12-2013 00:00,62,unverified data,PrecVal,
13-12-2013 00:00,62,unverified data,PrecVal,
14-12-2013 00:00,62,unverified data,PrecVal,
15-12-2013 00:00,62.21,unverified data,PrecVal,
16-12-2013 00:00,62.44,unverified data,PrecVal,
17-12-2013 00:00,63,unverified data,PrecVal,
18-12-2013 00:00,63,unverified data,PrecVal,
19-12-2013 00:00,63,unverified data,PrecVal,
20-12-2013 00:00,63,unverified data,PrecVal,
21-12-2013 00:00,63,unverified data,PrecVal,
22-12-2013 00:00,63,unverified data,PrecVal,
23-12-2013 00:00,63,unverified data,PrecVal,
24-12-2013 00:00,63,unverified data,PrecVal,
25-12-2013 00:00,63,unverified data,PrecVal,
26-12-2013 00:00,63.52,unverified data,PrecVal,
27-12-2013 00:00,63.75,unverified data,PrecVal,
28-12-2013 00:00,63.92,unverified data,PrecVal,
29-12-2013 00:00,64,unverified data,PrecVal,
30-12-2013 00:00,64,unverified data,PrecVal,
31-12-2013 00:00,64.54,unverified data,PrecVal,
01-01-2014 00:00,64.81,unverified data,PrecVal,
02-01-2014 00:00,64.58,unverified data,PrecVal,
03-01-2014 00:00,65,unverified data,PrecVal,
04-01-2014 00:00,64.44,unverified data,PrecVal,
05-01-2014 00:00,64.65,unverified data,PrecVal,
06-01-2014 00:00,64.92,unverified data,PrecVal,
07-01-2014 00:00,64.23,unverified data,PrecVal,
08-01-2014 00:00,64.31,unverified data,PrecVal,
09-01-2014 00:00,65,unverified data,PrecVal,
10-01-2014 00:00,65,unverified data,PrecVal,
11-01-2014 00:00,65,unverified data,PrecVal,
12-01-2014 00:00,65,unverified data,PrecVal,
13-01-2014 00:00,65,unverified data,PrecVal,
14-01-2014 00:00,65,unverified data,PrecVal,
15-01-2014 00:00,65.35,unverified data,PrecVal,
16-01-2014 00:00,66,unverified data,PrecVal,
17-01-2014 00:00,66,unverified data,PrecVal,
18-01-2014 00:00,66,unverified data,PrecVal,
19-01-2014 00:00,66,unverified data,PrecVal,
20-01-2014 00:00,66,unverified data,PrecVal,
21-01-2014 00:00,66,unverified data,PrecVal,
22-01-2014 00:00,66,unverified data,PrecVal,
23-01-2014 00:00,66.04,unverified data,PrecVal,
24-01-2014 00:00,66.19,unverified data,PrecVal,
25-01-2014 00:00,66.69,unverified data,PrecVal,
26-01-2014 00:00,66.77,unverified data,PrecVal,
27-01-2014 00:00,67,unverified data,PrecVal,
28-01-2014 00:00,67,unverified data,PrecVal,
29-01-2014 00:00,67,unverified data,PrecVal,
30-01-2014 00:00,67,unverified data,PrecVal,
31-01-2014 00:00,67,unverified data,PrecVal,
01-02-2014 00:00,67.04,unverified data,PrecVal,
02-02-2014 00:00,67,unverified data,PrecVal,
03-02-2014 00:00,67.6,unverified data,PrecVal,
04-02-2014 00:00,68,unverified data,PrecVal,
05-02-2014 00:00,67.58,unverified data,PrecVal,
06-02-2014 00:00,68,unverified data,PrecVal,
07-02-2014 00:00,68,unverified data,PrecVal,
08-02-2014 00:00,68,unverified data,PrecVal,
09-02-2014 00:00,68,unverified data,PrecVal,
10-02-2014 00:00,68,unverified data,PrecVal,
11-02-2014 00:00,68.29,unverified data,PrecVal,
12-02-2014 00:00,68.6,unverified data,PrecVal,
13-02-2014 00:00,69,unverified data,PrecVal,
14-02-2014 00:00,69,unverified data,PrecVal,
15-02-2014 00:00,68.96,unverified data,PrecVal,
16-02-2014 00:00,69,unverified data,PrecVal,
17-02-2014 00:00,69,unverified data,PrecVal,
18-02-2014 00:00,69,unverified data,PrecVal,
19-02-2014 00:00,69,unverified data,PrecVal,
20-02-2014 00:00,69,unverified data,PrecVal,
21-02-2014 00:00,69.02,unverified data,PrecVal,
22-02-2014 00:00,69.48,unverified data,PrecVal,
23-02-2014 00:00,69,unverified data,PrecVal,
24-02-2014 00:00,69,unverified data,PrecVal,
25-02-2014 00:00,69,unverified data,PrecVal,
26-02-2014 00:00,69,unverified data,PrecVal,
27-02-2014 00:00,69,unverified data,PrecVal,
28-02-2014 00:00,69,unverified data,PrecVal,
01-03-2014 00:00,69,unverified data,PrecVal,
02-03-2014 00:00,69.08,unverified data,PrecVal,
03-03-2014 00:00,69,unverified data,PrecVal,
04-03-2014 00:00,69,unverified data,PrecVal,
05-03-2014 00:00,69.21,unverified data,PrecVal,
06-03-2014 00:00,69,unverified data,PrecVal,
07-03-2014 00:00,69.31,unverified data,PrecVal,
08-03-2014 00:00,69.48,unverified data,PrecVal,
09-03-2014 00:00,69.48,unverified data,PrecVal,
10-03-2014 00:00,70,unverified data,PrecVal,
11-03-2014 00:00,70,unverified data,PrecVal,
12-03-2014 00:00,70,unverified data,PrecVal,
13-03-2014 00:00,69.6,unverified data,PrecVal,
14-03-2014 00:00,69,unverified data,PrecVal,
15-03-2014 00:00,69,unverified data,PrecVal,
16-03-2014 00:00,69,unverified data,PrecVal,
17-03-2014 00:00,69.08,unverified data,PrecVal,
18-03-2014 00:00,69,unverified data,PrecVal,
19-03-2014 00:00,69,unverified data,PrecVal,
20-03-2014 00:00,69,unverified data,PrecVal,
21-03-2014 00:00,69,unverified data,PrecVal,
22-03-2014 00:00,68.94,unverified data,PrecVal,
23-03-2014 00:00,68,unverified data,PrecVal,
,,,,End of file. Elapsed export time = 1.000 seconds
